To honour the JVM settings for this build a single-use Daemon process will be forked. See https://docs.gradle.org/7.6.4/userguide/gradle_daemon.html#sec:disabling_the_daemon.
Daemon will be stopped at the end of the build 

> Configure project :
Building for architecture: amd64, Java version: 1.8

> Task :platform:compileJava UP-TO-DATE
> Task :protocol:extractIncludeProto UP-TO-DATE
> Task :protocol:extractProto UP-TO-DATE
> Task :protocol:generateProto UP-TO-DATE
> Task :protocol:compileJava UP-TO-DATE
> Task :common:compileJava UP-TO-DATE
> Task :crypto:compileJava UP-TO-DATE
> Task :chainbase:compileJava UP-TO-DATE

> Task :actuator:compileJava

> Task :actuator:processResources NO-SOURCE
> Task :actuator:classes
> Task :actuator:jar
> Task :chainbase:processResources NO-SOURCE
> Task :chainbase:classes UP-TO-DATE
> Task :chainbase:jar UP-TO-DATE
> Task :common:processResources UP-TO-DATE
> Task :common:classes UP-TO-DATE
> Task :common:jar UP-TO-DATE
> Task :consensus:compileJava UP-TO-DATE
> Task :consensus:processResources NO-SOURCE
> Task :consensus:classes UP-TO-DATE
> Task :consensus:jar UP-TO-DATE
> Task :crypto:processResources NO-SOURCE
> Task :crypto:classes UP-TO-DATE
> Task :crypto:jar UP-TO-DATE
> Task :framework:compileJava UP-TO-DATE
> Task :framework:generateGitProperties
> Task :framework:processResources UP-TO-DATE
> Task :framework:classes
> Task :framework:compileTestJava UP-TO-DATE
> Task :framework:processTestResources UP-TO-DATE
> Task :framework:testClasses UP-TO-DATE
> Task :platform:processResources NO-SOURCE
> Task :platform:classes UP-TO-DATE
> Task :platform:jar UP-TO-DATE
> Task :protocol:processResources UP-TO-DATE
> Task :protocol:classes UP-TO-DATE
> Task :protocol:jar UP-TO-DATE

> Task :framework:test

org.tron.common.runtime.vm.DelegateResourceRevertTest > delegatedBandwidthIsDiscardedWhenExecutionReverts PASSED

org.tron.common.runtime.vm.DelegateResourceRevertTest > delegatedEnergyIsDiscardedWhenExecutionReverts PASSED

org.tron.common.runtime.vm.FreezeV2RevertTest > revertOfCallerDiscardsStakeChangesMadeByCallee PASSED

org.tron.common.runtime.vm.FreezeV2RevertTest > revertInSameFrameDiscardsStakeChanges PASSED

org.tron.common.runtime.vm.NestedFreezeV2RevertTest > bandwidthFreezeOuterRevertDiscardsCalleeChanges PASSED

org.tron.common.runtime.vm.NestedFreezeV2RevertTest > bandwidthFreezeInnerRevertDiscardsCalleeChanges FAILED
    java.lang.AssertionError: freeze bandwidth / inner reverts after revert: available balance expected:<100000000000000000> but was:<99999999995000000>
        at org.junit.Assert.fail(Assert.java:89)
        at org.junit.Assert.failNotEquals(Assert.java:835)
        at org.junit.Assert.assertEquals(Assert.java:647)
        at org.tron.common.runtime.vm.NestedFreezeV2RevertTest.assertNothingChanged(NestedFreezeV2RevertTest.java:235)
        at org.tron.common.runtime.vm.NestedFreezeV2RevertTest.run(NestedFreezeV2RevertTest.java:183)
        at org.tron.common.runtime.vm.NestedFreezeV2RevertTest.bandwidthFreezeInnerRevertDiscardsCalleeChanges(NestedFreezeV2RevertTest.java:124)

org.tron.common.runtime.vm.NestedFreezeV2RevertTest > tronPowerFreezeOuterRevertDiscardsCalleeChanges PASSED

org.tron.common.runtime.vm.NestedFreezeV2RevertTest > tronPowerFreezeInnerRevertDiscardsCalleeChanges FAILED
    java.lang.AssertionError: freeze tron power / inner reverts after revert: available balance expected:<100000000000000000> but was:<99999999995000000>
        at org.junit.Assert.fail(Assert.java:89)
        at org.junit.Assert.failNotEquals(Assert.java:835)
        at org.junit.Assert.assertEquals(Assert.java:647)
        at org.tron.common.runtime.vm.NestedFreezeV2RevertTest.assertNothingChanged(NestedFreezeV2RevertTest.java:235)
        at org.tron.common.runtime.vm.NestedFreezeV2RevertTest.run(NestedFreezeV2RevertTest.java:183)
        at org.tron.common.runtime.vm.NestedFreezeV2RevertTest.tronPowerFreezeInnerRevertDiscardsCalleeChanges(NestedFreezeV2RevertTest.java:144)

org.tron.common.runtime.vm.NestedFreezeV2RevertTest > energyFreezeOuterRevertDiscardsCalleeChanges PASSED

org.tron.common.runtime.vm.NestedFreezeV2RevertTest > energyFreezeInnerRevertDiscardsCalleeChanges FAILED
    java.lang.AssertionError: freeze energy / inner reverts after revert: available balance expected:<100000000000000000> but was:<99999999995000000>
        at org.junit.Assert.fail(Assert.java:89)
        at org.junit.Assert.failNotEquals(Assert.java:835)
        at org.junit.Assert.assertEquals(Assert.java:647)
        at org.tron.common.runtime.vm.NestedFreezeV2RevertTest.assertNothingChanged(NestedFreezeV2RevertTest.java:235)
        at org.tron.common.runtime.vm.NestedFreezeV2RevertTest.run(NestedFreezeV2RevertTest.java:183)
        at org.tron.common.runtime.vm.NestedFreezeV2RevertTest.energyFreezeInnerRevertDiscardsCalleeChanges(NestedFreezeV2RevertTest.java:134)

org.tron.common.runtime.vm.NestedStakeV2RevertTest > partialBandwidthUnDelegateInnerRevertDiscardsCalleeChanges FAILED
    java.lang.AssertionError: undelegate partial bandwidth / inner reverts after revert / callee (stake owner): frozenV2, resource 0 expected:<6000000> but was:<7000000>
        at org.junit.Assert.fail(Assert.java:89)
        at org.junit.Assert.failNotEquals(Assert.java:835)
        at org.junit.Assert.assertEquals(Assert.java:647)
        at org.tron.common.runtime.vm.NestedStakeV2RevertTest.assertAccountEqual(NestedStakeV2RevertTest.java:338)
        at org.tron.common.runtime.vm.NestedStakeV2RevertTest.assertNothingChanged(NestedStakeV2RevertTest.java:314)
        at org.tron.common.runtime.vm.NestedStakeV2RevertTest.run(NestedStakeV2RevertTest.java:271)
        at org.tron.common.runtime.vm.NestedStakeV2RevertTest.partialBandwidthUnDelegateInnerRevertDiscardsCalleeChanges(NestedStakeV2RevertTest.java:170)

org.tron.common.runtime.vm.NestedStakeV2RevertTest > fullEnergyUnDelegateInnerRevertDiscardsCalleeChanges FAILED
    java.lang.AssertionError: undelegate full energy / inner reverts after revert / callee (stake owner): frozenV2, resource 1 expected:<6000000> but was:<10000000>
        at org.junit.Assert.fail(Assert.java:89)
        at org.junit.Assert.failNotEquals(Assert.java:835)
        at org.junit.Assert.assertEquals(Assert.java:647)
        at org.tron.common.runtime.vm.NestedStakeV2RevertTest.assertAccountEqual(NestedStakeV2RevertTest.java:338)
        at org.tron.common.runtime.vm.NestedStakeV2RevertTest.assertNothingChanged(NestedStakeV2RevertTest.java:314)
        at org.tron.common.runtime.vm.NestedStakeV2RevertTest.run(NestedStakeV2RevertTest.java:271)
        at org.tron.common.runtime.vm.NestedStakeV2RevertTest.fullEnergyUnDelegateInnerRevertDiscardsCalleeChanges(NestedStakeV2RevertTest.java:200)

org.tron.common.runtime.vm.NestedStakeV2RevertTest > fullBandwidthUnDelegateOuterRevertDiscardsCalleeChanges PASSED

org.tron.common.runtime.vm.NestedStakeV2RevertTest > delegateEnergyOuterRevertDiscardsCalleeChanges PASSED

org.tron.common.runtime.vm.NestedStakeV2RevertTest > fullBandwidthUnDelegateInnerRevertDiscardsCalleeChanges FAILED
    java.lang.AssertionError: undelegate full bandwidth / inner reverts after revert / callee (stake owner): frozenV2, resource 0 expected:<6000000> but was:<10000000>
        at org.junit.Assert.fail(Assert.java:89)
        at org.junit.Assert.failNotEquals(Assert.java:835)
        at org.junit.Assert.assertEquals(Assert.java:647)
        at org.tron.common.runtime.vm.NestedStakeV2RevertTest.assertAccountEqual(NestedStakeV2RevertTest.java:338)
        at org.tron.common.runtime.vm.NestedStakeV2RevertTest.assertNothingChanged(NestedStakeV2RevertTest.java:314)
        at org.tron.common.runtime.vm.NestedStakeV2RevertTest.run(NestedStakeV2RevertTest.java:271)
        at org.tron.common.runtime.vm.NestedStakeV2RevertTest.fullBandwidthUnDelegateInnerRevertDiscardsCalleeChanges(NestedStakeV2RevertTest.java:180)

org.tron.common.runtime.vm.NestedStakeV2RevertTest > delegateBandwidthOuterRevertDiscardsCalleeChanges PASSED

org.tron.common.runtime.vm.NestedStakeV2RevertTest > delegateEnergyInnerRevertDiscardsCalleeChanges FAILED
    java.lang.AssertionError: delegate energy / inner reverts after revert / callee (stake owner): frozenV2, resource 1 expected:<10000000> but was:<6000000>
        at org.junit.Assert.fail(Assert.java:89)
        at org.junit.Assert.failNotEquals(Assert.java:835)
        at org.junit.Assert.assertEquals(Assert.java:647)
        at org.tron.common.runtime.vm.NestedStakeV2RevertTest.assertAccountEqual(NestedStakeV2RevertTest.java:338)
        at org.tron.common.runtime.vm.NestedStakeV2RevertTest.assertNothingChanged(NestedStakeV2RevertTest.java:314)
        at org.tron.common.runtime.vm.NestedStakeV2RevertTest.run(NestedStakeV2RevertTest.java:271)
        at org.tron.common.runtime.vm.NestedStakeV2RevertTest.delegateEnergyInnerRevertDiscardsCalleeChanges(NestedStakeV2RevertTest.java:158)

org.tron.common.runtime.vm.NestedStakeV2RevertTest > partialEnergyUnDelegateOuterRevertDiscardsCalleeChanges PASSED

org.tron.common.runtime.vm.NestedStakeV2RevertTest > partialBandwidthUnDelegateOuterRevertDiscardsCalleeChanges PASSED

org.tron.common.runtime.vm.NestedStakeV2RevertTest > delegateBandwidthInnerRevertDiscardsCalleeChanges FAILED
    java.lang.AssertionError: delegate bandwidth / inner reverts after revert / callee (stake owner): frozenV2, resource 0 expected:<10000000> but was:<6000000>
        at org.junit.Assert.fail(Assert.java:89)
        at org.junit.Assert.failNotEquals(Assert.java:835)
        at org.junit.Assert.assertEquals(Assert.java:647)
        at org.tron.common.runtime.vm.NestedStakeV2RevertTest.assertAccountEqual(NestedStakeV2RevertTest.java:338)
        at org.tron.common.runtime.vm.NestedStakeV2RevertTest.assertNothingChanged(NestedStakeV2RevertTest.java:314)
        at org.tron.common.runtime.vm.NestedStakeV2RevertTest.run(NestedStakeV2RevertTest.java:271)
        at org.tron.common.runtime.vm.NestedStakeV2RevertTest.delegateBandwidthInnerRevertDiscardsCalleeChanges(NestedStakeV2RevertTest.java:148)

org.tron.common.runtime.vm.NestedStakeV2RevertTest > fullEnergyUnDelegateOuterRevertDiscardsCalleeChanges PASSED

org.tron.common.runtime.vm.NestedStakeV2RevertTest > partialEnergyUnDelegateInnerRevertDiscardsCalleeChanges FAILED
    java.lang.AssertionError: undelegate partial energy / inner reverts after revert / callee (stake owner): frozenV2, resource 1 expected:<6000000> but was:<7000000>
        at org.junit.Assert.fail(Assert.java:89)
        at org.junit.Assert.failNotEquals(Assert.java:835)
        at org.junit.Assert.assertEquals(Assert.java:647)
        at org.tron.common.runtime.vm.NestedStakeV2RevertTest.assertAccountEqual(NestedStakeV2RevertTest.java:338)
        at org.tron.common.runtime.vm.NestedStakeV2RevertTest.assertNothingChanged(NestedStakeV2RevertTest.java:314)
        at org.tron.common.runtime.vm.NestedStakeV2RevertTest.run(NestedStakeV2RevertTest.java:271)
        at org.tron.common.runtime.vm.NestedStakeV2RevertTest.partialEnergyUnDelegateInnerRevertDiscardsCalleeChanges(NestedStakeV2RevertTest.java:190)

org.tron.common.runtime.vm.NestedUnfreezeV2RevertTest > legacyEnergyUnfreezeInnerRevertDiscardsCalleeChanges FAILED
    java.lang.AssertionError: unfreeze energy (legacy old tron power + vote) / inner reverts after revert: old tron power expected:<1000000000> but was:<-1>
        at org.junit.Assert.fail(Assert.java:89)
        at org.junit.Assert.failNotEquals(Assert.java:835)
        at org.junit.Assert.assertEquals(Assert.java:647)
        at org.tron.common.runtime.vm.NestedUnfreezeV2RevertTest.assertNothingChanged(NestedUnfreezeV2RevertTest.java:498)
        at org.tron.common.runtime.vm.NestedUnfreezeV2RevertTest.nested(NestedUnfreezeV2RevertTest.java:452)
        at org.tron.common.runtime.vm.NestedUnfreezeV2RevertTest.runLegacy(NestedUnfreezeV2RevertTest.java:367)
        at org.tron.common.runtime.vm.NestedUnfreezeV2RevertTest.legacyEnergyUnfreezeInnerRevertDiscardsCalleeChanges(NestedUnfreezeV2RevertTest.java:201)

org.tron.common.runtime.vm.NestedUnfreezeV2RevertTest > fullTronPowerUnfreezeInnerRevertDiscardsCalleeChanges FAILED
    java.lang.AssertionError: unfreeze tron power full (votes + reward) / inner reverts after revert: allowance expected:<0> but was:<1500000>
        at org.junit.Assert.fail(Assert.java:89)
        at org.junit.Assert.failNotEquals(Assert.java:835)
        at org.junit.Assert.assertEquals(Assert.java:647)
        at org.tron.common.runtime.vm.NestedUnfreezeV2RevertTest.assertNothingChanged(NestedUnfreezeV2RevertTest.java:497)
        at org.tron.common.runtime.vm.NestedUnfreezeV2RevertTest.nested(NestedUnfreezeV2RevertTest.java:452)
        at org.tron.common.runtime.vm.NestedUnfreezeV2RevertTest.runVotes(NestedUnfreezeV2RevertTest.java:315)
        at org.tron.common.runtime.vm.NestedUnfreezeV2RevertTest.fullTronPowerUnfreezeInnerRevertDiscardsCalleeChanges(NestedUnfreezeV2RevertTest.java:189)

org.tron.common.runtime.vm.NestedUnfreezeV2RevertTest > pendingBandwidthUnfreezeInnerRevertDiscardsCalleeChanges FAILED
    java.lang.AssertionError: unfreeze bandwidth (expired + pending) / inner reverts after revert: available balance expected:<99999999980000000> but was:<99999999983000000>
        at org.junit.Assert.fail(Assert.java:89)
        at org.junit.Assert.failNotEquals(Assert.java:835)
        at org.junit.Assert.assertEquals(Assert.java:647)
        at org.tron.common.runtime.vm.NestedUnfreezeV2RevertTest.assertNothingChanged(NestedUnfreezeV2RevertTest.java:496)
        at org.tron.common.runtime.vm.NestedUnfreezeV2RevertTest.nested(NestedUnfreezeV2RevertTest.java:452)
        at org.tron.common.runtime.vm.NestedUnfreezeV2RevertTest.runPending(NestedUnfreezeV2RevertTest.java:251)
        at org.tron.common.runtime.vm.NestedUnfreezeV2RevertTest.pendingBandwidthUnfreezeInnerRevertDiscardsCalleeChanges(NestedUnfreezeV2RevertTest.java:167)

org.tron.common.runtime.vm.NestedUnfreezeV2RevertTest > firstBandwidthUnfreezeOuterRevertDiscardsCalleeChanges PASSED

org.tron.common.runtime.vm.NestedUnfreezeV2RevertTest > partialTronPowerUnfreezeOuterRevertDiscardsCalleeChanges PASSED

org.tron.common.runtime.vm.NestedUnfreezeV2RevertTest > firstBandwidthUnfreezeInnerRevertDiscardsCalleeChanges FAILED
    unfreeze bandwidth (first un-freeze of the account) / inner reverts after revert: frozenV2 (bandwidth, energy, tron power): arrays first differed at element [0]; expected:<10000000> but was:<9000000>
        at org.junit.internal.ComparisonCriteria.arrayEquals(ComparisonCriteria.java:78)
        at org.junit.internal.ComparisonCriteria.arrayEquals(ComparisonCriteria.java:28)
        at org.junit.Assert.internalArrayEquals(Assert.java:534)
        at org.junit.Assert.assertArrayEquals(Assert.java:443)
        at org.tron.common.runtime.vm.NestedUnfreezeV2RevertTest.assertNothingChanged(NestedUnfreezeV2RevertTest.java:499)
        at org.tron.common.runtime.vm.NestedUnfreezeV2RevertTest.nested(NestedUnfreezeV2RevertTest.java:452)
        at org.tron.common.runtime.vm.NestedUnfreezeV2RevertTest.runFirst(NestedUnfreezeV2RevertTest.java:408)
        at org.tron.common.runtime.vm.NestedUnfreezeV2RevertTest.firstBandwidthUnfreezeInnerRevertDiscardsCalleeChanges(NestedUnfreezeV2RevertTest.java:213)

        Caused by:
        java.lang.AssertionError: expected:<10000000> but was:<9000000>
            at org.junit.Assert.fail(Assert.java:89)
            at org.junit.Assert.failNotEquals(Assert.java:835)
            at org.junit.Assert.assertEquals(Assert.java:120)
            at org.junit.Assert.assertEquals(Assert.java:146)
            at org.junit.internal.ExactComparisonCriteria.assertElementsEqual(ExactComparisonCriteria.java:8)
            at org.junit.internal.ComparisonCriteria.arrayEquals(ComparisonCriteria.java:76)
            ... 7 more

org.tron.common.runtime.vm.NestedUnfreezeV2RevertTest > partialTronPowerUnfreezeInnerRevertDiscardsCalleeChanges FAILED
    java.lang.AssertionError: unfreeze tron power half (votes + reward) / inner reverts after revert: allowance expected:<0> but was:<1500000>
        at org.junit.Assert.fail(Assert.java:89)
        at org.junit.Assert.failNotEquals(Assert.java:835)
        at org.junit.Assert.assertEquals(Assert.java:647)
        at org.tron.common.runtime.vm.NestedUnfreezeV2RevertTest.assertNothingChanged(NestedUnfreezeV2RevertTest.java:497)
        at org.tron.common.runtime.vm.NestedUnfreezeV2RevertTest.nested(NestedUnfreezeV2RevertTest.java:452)
        at org.tron.common.runtime.vm.NestedUnfreezeV2RevertTest.runVotes(NestedUnfreezeV2RevertTest.java:315)
        at org.tron.common.runtime.vm.NestedUnfreezeV2RevertTest.partialTronPowerUnfreezeInnerRevertDiscardsCalleeChanges(NestedUnfreezeV2RevertTest.java:179)

org.tron.common.runtime.vm.NestedUnfreezeV2RevertTest > legacyEnergyUnfreezeOuterRevertDiscardsCalleeChanges PASSED

org.tron.common.runtime.vm.NestedUnfreezeV2RevertTest > fullTronPowerUnfreezeOuterRevertDiscardsCalleeChanges PASSED

org.tron.common.runtime.vm.NestedUnfreezeV2RevertTest > pendingBandwidthUnfreezeOuterRevertDiscardsCalleeChanges PASSED

org.tron.common.runtime.vm.UnDelegateResourceRevertTest > fullEnergyUnDelegationIsDiscardedWhenExecutionReverts PASSED

org.tron.common.runtime.vm.UnDelegateResourceRevertTest > fullBandwidthUnDelegationIsDiscardedWhenExecutionReverts PASSED

org.tron.common.runtime.vm.UnDelegateResourceRevertTest > partialEnergyUnDelegationIsDiscardedWhenExecutionReverts PASSED

org.tron.common.runtime.vm.UnDelegateResourceRevertTest > partialBandwidthUnDelegationIsDiscardedWhenExecutionReverts PASSED

org.tron.common.runtime.vm.UnfreezeV2RevertTest > partialTronPowerUnfreezeWithVotesAndRewardIsDiscardedWhenExecutionReverts PASSED

org.tron.common.runtime.vm.UnfreezeV2RevertTest > energyUnfreezeWithLegacyTronPowerClearsVotesAndIsDiscardedWhenExecutionReverts PASSED

org.tron.common.runtime.vm.UnfreezeV2RevertTest > energyUnfreezeWithExpiredAndPendingEntriesIsDiscardedWhenExecutionReverts PASSED

org.tron.common.runtime.vm.UnfreezeV2RevertTest > firstBandwidthUnfreezeOfAnAccountIsDiscardedWhenExecutionReverts PASSED

org.tron.common.runtime.vm.UnfreezeV2RevertTest > fullTronPowerUnfreezeWithVotesAndRewardIsDiscardedWhenExecutionReverts PASSED

org.tron.common.runtime.vm.UnfreezeV2RevertTest > bandwidthUnfreezeWithExpiredAndPendingEntriesIsDiscardedWhenExecutionReverts PASSED

org.tron.common.runtime.vm.WithdrawAndCancelUnfreezeV2RevertTest > cancelInTheSameFrameIsDiscardedWhenExecutionReverts PASSED

org.tron.common.runtime.vm.WithdrawAndCancelUnfreezeV2RevertTest > withdrawInTheSameFrameIsDiscardedWhenExecutionReverts PASSED

org.tron.common.runtime.vm.WithdrawAndCancelUnfreezeV2RevertTest > withdrawByCalleeIsDiscardedWhenOuterReverts PASSED

org.tron.common.runtime.vm.WithdrawAndCancelUnfreezeV2RevertTest > withdrawByCalleeIsDiscardedWhenInnerReverts FAILED
    java.lang.AssertionError: withdraw / INNER_REVERTS after revert: available balance expected:<99999999970000000> but was:<99999999975000000>
        at org.junit.Assert.fail(Assert.java:89)
        at org.junit.Assert.failNotEquals(Assert.java:835)
        at org.junit.Assert.assertEquals(Assert.java:647)
        at org.tron.common.runtime.vm.WithdrawAndCancelUnfreezeV2RevertTest.assertNothingChanged(WithdrawAndCancelUnfreezeV2RevertTest.java:305)
        at org.tron.common.runtime.vm.WithdrawAndCancelUnfreezeV2RevertTest.run(WithdrawAndCancelUnfreezeV2RevertTest.java:257)
        at org.tron.common.runtime.vm.WithdrawAndCancelUnfreezeV2RevertTest.withdrawByCalleeIsDiscardedWhenInnerReverts(WithdrawAndCancelUnfreezeV2RevertTest.java:166)

org.tron.common.runtime.vm.WithdrawAndCancelUnfreezeV2RevertTest > cancelByCalleeIsDiscardedWhenOuterReverts PASSED

org.tron.common.runtime.vm.WithdrawAndCancelUnfreezeV2RevertTest > cancelByCalleeIsDiscardedWhenInnerReverts FAILED
    java.lang.AssertionError: cancel-all / INNER_REVERTS after revert: available balance expected:<99999999970000000> but was:<99999999975000000>
        at org.junit.Assert.fail(Assert.java:89)
        at org.junit.Assert.failNotEquals(Assert.java:835)
        at org.junit.Assert.assertEquals(Assert.java:647)
        at org.tron.common.runtime.vm.WithdrawAndCancelUnfreezeV2RevertTest.assertNothingChanged(WithdrawAndCancelUnfreezeV2RevertTest.java:305)
        at org.tron.common.runtime.vm.WithdrawAndCancelUnfreezeV2RevertTest.run(WithdrawAndCancelUnfreezeV2RevertTest.java:257)
        at org.tron.common.runtime.vm.WithdrawAndCancelUnfreezeV2RevertTest.cancelByCalleeIsDiscardedWhenInnerReverts(WithdrawAndCancelUnfreezeV2RevertTest.java:181)

org.tron.common.runtime.vm.NestedFreezeV2RevertTest > bandwidthFreezeInnerRevertDiscardsCalleeChanges FAILED
    java.lang.AssertionError: freeze bandwidth / inner reverts after revert: available balance expected:<100000000000000000> but was:<99999999995000000>
        at org.junit.Assert.fail(Assert.java:89)
        at org.junit.Assert.failNotEquals(Assert.java:835)
        at org.junit.Assert.assertEquals(Assert.java:647)
        at org.tron.common.runtime.vm.NestedFreezeV2RevertTest.assertNothingChanged(NestedFreezeV2RevertTest.java:235)
        at org.tron.common.runtime.vm.NestedFreezeV2RevertTest.run(NestedFreezeV2RevertTest.java:183)
        at org.tron.common.runtime.vm.NestedFreezeV2RevertTest.bandwidthFreezeInnerRevertDiscardsCalleeChanges(NestedFreezeV2RevertTest.java:124)

org.tron.common.runtime.vm.NestedFreezeV2RevertTest > tronPowerFreezeInnerRevertDiscardsCalleeChanges FAILED
    java.lang.AssertionError: freeze tron power / inner reverts after revert: available balance expected:<100000000000000000> but was:<99999999995000000>
        at org.junit.Assert.fail(Assert.java:89)
        at org.junit.Assert.failNotEquals(Assert.java:835)
        at org.junit.Assert.assertEquals(Assert.java:647)
        at org.tron.common.runtime.vm.NestedFreezeV2RevertTest.assertNothingChanged(NestedFreezeV2RevertTest.java:235)
        at org.tron.common.runtime.vm.NestedFreezeV2RevertTest.run(NestedFreezeV2RevertTest.java:183)
        at org.tron.common.runtime.vm.NestedFreezeV2RevertTest.tronPowerFreezeInnerRevertDiscardsCalleeChanges(NestedFreezeV2RevertTest.java:144)

org.tron.common.runtime.vm.NestedFreezeV2RevertTest > energyFreezeInnerRevertDiscardsCalleeChanges FAILED
    java.lang.AssertionError: freeze energy / inner reverts after revert: available balance expected:<100000000000000000> but was:<99999999995000000>
        at org.junit.Assert.fail(Assert.java:89)
        at org.junit.Assert.failNotEquals(Assert.java:835)
        at org.junit.Assert.assertEquals(Assert.java:647)
        at org.tron.common.runtime.vm.NestedFreezeV2RevertTest.assertNothingChanged(NestedFreezeV2RevertTest.java:235)
        at org.tron.common.runtime.vm.NestedFreezeV2RevertTest.run(NestedFreezeV2RevertTest.java:183)
        at org.tron.common.runtime.vm.NestedFreezeV2RevertTest.energyFreezeInnerRevertDiscardsCalleeChanges(NestedFreezeV2RevertTest.java:134)

org.tron.common.runtime.vm.NestedStakeV2RevertTest > partialBandwidthUnDelegateInnerRevertDiscardsCalleeChanges FAILED
    java.lang.AssertionError: undelegate partial bandwidth / inner reverts after revert / callee (stake owner): frozenV2, resource 0 expected:<6000000> but was:<7000000>
        at org.junit.Assert.fail(Assert.java:89)
        at org.junit.Assert.failNotEquals(Assert.java:835)
        at org.junit.Assert.assertEquals(Assert.java:647)
        at org.tron.common.runtime.vm.NestedStakeV2RevertTest.assertAccountEqual(NestedStakeV2RevertTest.java:338)
        at org.tron.common.runtime.vm.NestedStakeV2RevertTest.assertNothingChanged(NestedStakeV2RevertTest.java:314)
        at org.tron.common.runtime.vm.NestedStakeV2RevertTest.run(NestedStakeV2RevertTest.java:271)
        at org.tron.common.runtime.vm.NestedStakeV2RevertTest.partialBandwidthUnDelegateInnerRevertDiscardsCalleeChanges(NestedStakeV2RevertTest.java:170)

org.tron.common.runtime.vm.NestedStakeV2RevertTest > fullEnergyUnDelegateInnerRevertDiscardsCalleeChanges FAILED
    java.lang.AssertionError: undelegate full energy / inner reverts after revert / callee (stake owner): frozenV2, resource 1 expected:<6000000> but was:<10000000>
        at org.junit.Assert.fail(Assert.java:89)
        at org.junit.Assert.failNotEquals(Assert.java:835)
        at org.junit.Assert.assertEquals(Assert.java:647)
        at org.tron.common.runtime.vm.NestedStakeV2RevertTest.assertAccountEqual(NestedStakeV2RevertTest.java:338)
        at org.tron.common.runtime.vm.NestedStakeV2RevertTest.assertNothingChanged(NestedStakeV2RevertTest.java:314)
        at org.tron.common.runtime.vm.NestedStakeV2RevertTest.run(NestedStakeV2RevertTest.java:271)
        at org.tron.common.runtime.vm.NestedStakeV2RevertTest.fullEnergyUnDelegateInnerRevertDiscardsCalleeChanges(NestedStakeV2RevertTest.java:200)

org.tron.common.runtime.vm.NestedStakeV2RevertTest > fullBandwidthUnDelegateInnerRevertDiscardsCalleeChanges FAILED
    java.lang.AssertionError: undelegate full bandwidth / inner reverts after revert / callee (stake owner): frozenV2, resource 0 expected:<6000000> but was:<10000000>
        at org.junit.Assert.fail(Assert.java:89)
        at org.junit.Assert.failNotEquals(Assert.java:835)
        at org.junit.Assert.assertEquals(Assert.java:647)
        at org.tron.common.runtime.vm.NestedStakeV2RevertTest.assertAccountEqual(NestedStakeV2RevertTest.java:338)
        at org.tron.common.runtime.vm.NestedStakeV2RevertTest.assertNothingChanged(NestedStakeV2RevertTest.java:314)
        at org.tron.common.runtime.vm.NestedStakeV2RevertTest.run(NestedStakeV2RevertTest.java:271)
        at org.tron.common.runtime.vm.NestedStakeV2RevertTest.fullBandwidthUnDelegateInnerRevertDiscardsCalleeChanges(NestedStakeV2RevertTest.java:180)

org.tron.common.runtime.vm.NestedStakeV2RevertTest > delegateEnergyInnerRevertDiscardsCalleeChanges FAILED
    java.lang.AssertionError: delegate energy / inner reverts after revert / callee (stake owner): frozenV2, resource 1 expected:<10000000> but was:<6000000>
        at org.junit.Assert.fail(Assert.java:89)
        at org.junit.Assert.failNotEquals(Assert.java:835)
        at org.junit.Assert.assertEquals(Assert.java:647)
        at org.tron.common.runtime.vm.NestedStakeV2RevertTest.assertAccountEqual(NestedStakeV2RevertTest.java:338)
        at org.tron.common.runtime.vm.NestedStakeV2RevertTest.assertNothingChanged(NestedStakeV2RevertTest.java:314)
        at org.tron.common.runtime.vm.NestedStakeV2RevertTest.run(NestedStakeV2RevertTest.java:271)
        at org.tron.common.runtime.vm.NestedStakeV2RevertTest.delegateEnergyInnerRevertDiscardsCalleeChanges(NestedStakeV2RevertTest.java:158)

org.tron.common.runtime.vm.NestedStakeV2RevertTest > delegateBandwidthInnerRevertDiscardsCalleeChanges FAILED
    java.lang.AssertionError: delegate bandwidth / inner reverts after revert / callee (stake owner): frozenV2, resource 0 expected:<10000000> but was:<6000000>
        at org.junit.Assert.fail(Assert.java:89)
        at org.junit.Assert.failNotEquals(Assert.java:835)
        at org.junit.Assert.assertEquals(Assert.java:647)
        at org.tron.common.runtime.vm.NestedStakeV2RevertTest.assertAccountEqual(NestedStakeV2RevertTest.java:338)
        at org.tron.common.runtime.vm.NestedStakeV2RevertTest.assertNothingChanged(NestedStakeV2RevertTest.java:314)
        at org.tron.common.runtime.vm.NestedStakeV2RevertTest.run(NestedStakeV2RevertTest.java:271)
        at org.tron.common.runtime.vm.NestedStakeV2RevertTest.delegateBandwidthInnerRevertDiscardsCalleeChanges(NestedStakeV2RevertTest.java:148)

org.tron.common.runtime.vm.NestedStakeV2RevertTest > partialEnergyUnDelegateInnerRevertDiscardsCalleeChanges FAILED
    java.lang.AssertionError: undelegate partial energy / inner reverts after revert / callee (stake owner): frozenV2, resource 1 expected:<6000000> but was:<7000000>
        at org.junit.Assert.fail(Assert.java:89)
        at org.junit.Assert.failNotEquals(Assert.java:835)
        at org.junit.Assert.assertEquals(Assert.java:647)
        at org.tron.common.runtime.vm.NestedStakeV2RevertTest.assertAccountEqual(NestedStakeV2RevertTest.java:338)
        at org.tron.common.runtime.vm.NestedStakeV2RevertTest.assertNothingChanged(NestedStakeV2RevertTest.java:314)
        at org.tron.common.runtime.vm.NestedStakeV2RevertTest.run(NestedStakeV2RevertTest.java:271)
        at org.tron.common.runtime.vm.NestedStakeV2RevertTest.partialEnergyUnDelegateInnerRevertDiscardsCalleeChanges(NestedStakeV2RevertTest.java:190)

org.tron.common.runtime.vm.NestedUnfreezeV2RevertTest > legacyEnergyUnfreezeInnerRevertDiscardsCalleeChanges FAILED
    java.lang.AssertionError: unfreeze energy (legacy old tron power + vote) / inner reverts after revert: old tron power expected:<1000000000> but was:<-1>
        at org.junit.Assert.fail(Assert.java:89)
        at org.junit.Assert.failNotEquals(Assert.java:835)
        at org.junit.Assert.assertEquals(Assert.java:647)
        at org.tron.common.runtime.vm.NestedUnfreezeV2RevertTest.assertNothingChanged(NestedUnfreezeV2RevertTest.java:498)
        at org.tron.common.runtime.vm.NestedUnfreezeV2RevertTest.nested(NestedUnfreezeV2RevertTest.java:452)
        at org.tron.common.runtime.vm.NestedUnfreezeV2RevertTest.runLegacy(NestedUnfreezeV2RevertTest.java:367)
        at org.tron.common.runtime.vm.NestedUnfreezeV2RevertTest.legacyEnergyUnfreezeInnerRevertDiscardsCalleeChanges(NestedUnfreezeV2RevertTest.java:201)

org.tron.common.runtime.vm.NestedUnfreezeV2RevertTest > fullTronPowerUnfreezeInnerRevertDiscardsCalleeChanges FAILED
    java.lang.AssertionError: unfreeze tron power full (votes + reward) / inner reverts after revert: allowance expected:<0> but was:<1500000>
        at org.junit.Assert.fail(Assert.java:89)
        at org.junit.Assert.failNotEquals(Assert.java:835)
        at org.junit.Assert.assertEquals(Assert.java:647)
        at org.tron.common.runtime.vm.NestedUnfreezeV2RevertTest.assertNothingChanged(NestedUnfreezeV2RevertTest.java:497)
        at org.tron.common.runtime.vm.NestedUnfreezeV2RevertTest.nested(NestedUnfreezeV2RevertTest.java:452)
        at org.tron.common.runtime.vm.NestedUnfreezeV2RevertTest.runVotes(NestedUnfreezeV2RevertTest.java:315)
        at org.tron.common.runtime.vm.NestedUnfreezeV2RevertTest.fullTronPowerUnfreezeInnerRevertDiscardsCalleeChanges(NestedUnfreezeV2RevertTest.java:189)

org.tron.common.runtime.vm.NestedUnfreezeV2RevertTest > pendingBandwidthUnfreezeInnerRevertDiscardsCalleeChanges FAILED
    java.lang.AssertionError: unfreeze bandwidth (expired + pending) / inner reverts after revert: available balance expected:<99999999980000000> but was:<99999999983000000>
        at org.junit.Assert.fail(Assert.java:89)
        at org.junit.Assert.failNotEquals(Assert.java:835)
        at org.junit.Assert.assertEquals(Assert.java:647)
        at org.tron.common.runtime.vm.NestedUnfreezeV2RevertTest.assertNothingChanged(NestedUnfreezeV2RevertTest.java:496)
        at org.tron.common.runtime.vm.NestedUnfreezeV2RevertTest.nested(NestedUnfreezeV2RevertTest.java:452)
        at org.tron.common.runtime.vm.NestedUnfreezeV2RevertTest.runPending(NestedUnfreezeV2RevertTest.java:251)
        at org.tron.common.runtime.vm.NestedUnfreezeV2RevertTest.pendingBandwidthUnfreezeInnerRevertDiscardsCalleeChanges(NestedUnfreezeV2RevertTest.java:167)

org.tron.common.runtime.vm.NestedUnfreezeV2RevertTest > firstBandwidthUnfreezeInnerRevertDiscardsCalleeChanges FAILED
    unfreeze bandwidth (first un-freeze of the account) / inner reverts after revert: frozenV2 (bandwidth, energy, tron power): arrays first differed at element [0]; expected:<10000000> but was:<9000000>
        at org.junit.internal.ComparisonCriteria.arrayEquals(ComparisonCriteria.java:78)
        at org.junit.internal.ComparisonCriteria.arrayEquals(ComparisonCriteria.java:28)
        at org.junit.Assert.internalArrayEquals(Assert.java:534)
        at org.junit.Assert.assertArrayEquals(Assert.java:443)
        at org.tron.common.runtime.vm.NestedUnfreezeV2RevertTest.assertNothingChanged(NestedUnfreezeV2RevertTest.java:499)
        at org.tron.common.runtime.vm.NestedUnfreezeV2RevertTest.nested(NestedUnfreezeV2RevertTest.java:452)
        at org.tron.common.runtime.vm.NestedUnfreezeV2RevertTest.runFirst(NestedUnfreezeV2RevertTest.java:408)
        at org.tron.common.runtime.vm.NestedUnfreezeV2RevertTest.firstBandwidthUnfreezeInnerRevertDiscardsCalleeChanges(NestedUnfreezeV2RevertTest.java:213)

        Caused by:
        java.lang.AssertionError: expected:<10000000> but was:<9000000>
            at org.junit.Assert.fail(Assert.java:89)
            at org.junit.Assert.failNotEquals(Assert.java:835)
            at org.junit.Assert.assertEquals(Assert.java:120)
            at org.junit.Assert.assertEquals(Assert.java:146)
            at org.junit.internal.ExactComparisonCriteria.assertElementsEqual(ExactComparisonCriteria.java:8)
            at org.junit.internal.ComparisonCriteria.arrayEquals(ComparisonCriteria.java:76)
            ... 7 more

org.tron.common.runtime.vm.NestedUnfreezeV2RevertTest > partialTronPowerUnfreezeInnerRevertDiscardsCalleeChanges FAILED
    java.lang.AssertionError: unfreeze tron power half (votes + reward) / inner reverts after revert: allowance expected:<0> but was:<1500000>
        at org.junit.Assert.fail(Assert.java:89)
        at org.junit.Assert.failNotEquals(Assert.java:835)
        at org.junit.Assert.assertEquals(Assert.java:647)
        at org.tron.common.runtime.vm.NestedUnfreezeV2RevertTest.assertNothingChanged(NestedUnfreezeV2RevertTest.java:497)
        at org.tron.common.runtime.vm.NestedUnfreezeV2RevertTest.nested(NestedUnfreezeV2RevertTest.java:452)
        at org.tron.common.runtime.vm.NestedUnfreezeV2RevertTest.runVotes(NestedUnfreezeV2RevertTest.java:315)
        at org.tron.common.runtime.vm.NestedUnfreezeV2RevertTest.partialTronPowerUnfreezeInnerRevertDiscardsCalleeChanges(NestedUnfreezeV2RevertTest.java:179)

org.tron.common.runtime.vm.WithdrawAndCancelUnfreezeV2RevertTest > withdrawByCalleeIsDiscardedWhenInnerReverts FAILED
    java.lang.AssertionError: withdraw / INNER_REVERTS after revert: available balance expected:<99999999970000000> but was:<99999999975000000>
        at org.junit.Assert.fail(Assert.java:89)
        at org.junit.Assert.failNotEquals(Assert.java:835)
        at org.junit.Assert.assertEquals(Assert.java:647)
        at org.tron.common.runtime.vm.WithdrawAndCancelUnfreezeV2RevertTest.assertNothingChanged(WithdrawAndCancelUnfreezeV2RevertTest.java:305)
        at org.tron.common.runtime.vm.WithdrawAndCancelUnfreezeV2RevertTest.run(WithdrawAndCancelUnfreezeV2RevertTest.java:257)
        at org.tron.common.runtime.vm.WithdrawAndCancelUnfreezeV2RevertTest.withdrawByCalleeIsDiscardedWhenInnerReverts(WithdrawAndCancelUnfreezeV2RevertTest.java:166)

org.tron.common.runtime.vm.WithdrawAndCancelUnfreezeV2RevertTest > cancelByCalleeIsDiscardedWhenInnerReverts FAILED
    java.lang.AssertionError: cancel-all / INNER_REVERTS after revert: available balance expected:<99999999970000000> but was:<99999999975000000>
        at org.junit.Assert.fail(Assert.java:89)
        at org.junit.Assert.failNotEquals(Assert.java:835)
        at org.junit.Assert.assertEquals(Assert.java:647)
        at org.tron.common.runtime.vm.WithdrawAndCancelUnfreezeV2RevertTest.assertNothingChanged(WithdrawAndCancelUnfreezeV2RevertTest.java:305)
        at org.tron.common.runtime.vm.WithdrawAndCancelUnfreezeV2RevertTest.run(WithdrawAndCancelUnfreezeV2RevertTest.java:257)
        at org.tron.common.runtime.vm.WithdrawAndCancelUnfreezeV2RevertTest.cancelByCalleeIsDiscardedWhenInnerReverts(WithdrawAndCancelUnfreezeV2RevertTest.java:181)

org.tron.common.runtime.vm.NestedFreezeV2RevertTest > bandwidthFreezeInnerRevertDiscardsCalleeChanges FAILED
    java.lang.AssertionError: freeze bandwidth / inner reverts after revert: available balance expected:<100000000000000000> but was:<99999999995000000>
        at org.junit.Assert.fail(Assert.java:89)
        at org.junit.Assert.failNotEquals(Assert.java:835)
        at org.junit.Assert.assertEquals(Assert.java:647)
        at org.tron.common.runtime.vm.NestedFreezeV2RevertTest.assertNothingChanged(NestedFreezeV2RevertTest.java:235)
        at org.tron.common.runtime.vm.NestedFreezeV2RevertTest.run(NestedFreezeV2RevertTest.java:183)
        at org.tron.common.runtime.vm.NestedFreezeV2RevertTest.bandwidthFreezeInnerRevertDiscardsCalleeChanges(NestedFreezeV2RevertTest.java:124)

org.tron.common.runtime.vm.NestedFreezeV2RevertTest > tronPowerFreezeInnerRevertDiscardsCalleeChanges FAILED
    java.lang.AssertionError: freeze tron power / inner reverts after revert: available balance expected:<100000000000000000> but was:<99999999995000000>
        at org.junit.Assert.fail(Assert.java:89)
        at org.junit.Assert.failNotEquals(Assert.java:835)
        at org.junit.Assert.assertEquals(Assert.java:647)
        at org.tron.common.runtime.vm.NestedFreezeV2RevertTest.assertNothingChanged(NestedFreezeV2RevertTest.java:235)
        at org.tron.common.runtime.vm.NestedFreezeV2RevertTest.run(NestedFreezeV2RevertTest.java:183)
        at org.tron.common.runtime.vm.NestedFreezeV2RevertTest.tronPowerFreezeInnerRevertDiscardsCalleeChanges(NestedFreezeV2RevertTest.java:144)

org.tron.common.runtime.vm.NestedFreezeV2RevertTest > energyFreezeInnerRevertDiscardsCalleeChanges FAILED
    java.lang.AssertionError: freeze energy / inner reverts after revert: available balance expected:<100000000000000000> but was:<99999999995000000>
        at org.junit.Assert.fail(Assert.java:89)
        at org.junit.Assert.failNotEquals(Assert.java:835)
        at org.junit.Assert.assertEquals(Assert.java:647)
        at org.tron.common.runtime.vm.NestedFreezeV2RevertTest.assertNothingChanged(NestedFreezeV2RevertTest.java:235)
        at org.tron.common.runtime.vm.NestedFreezeV2RevertTest.run(NestedFreezeV2RevertTest.java:183)
        at org.tron.common.runtime.vm.NestedFreezeV2RevertTest.energyFreezeInnerRevertDiscardsCalleeChanges(NestedFreezeV2RevertTest.java:134)

org.tron.common.runtime.vm.NestedStakeV2RevertTest > partialBandwidthUnDelegateInnerRevertDiscardsCalleeChanges FAILED
    java.lang.AssertionError: undelegate partial bandwidth / inner reverts after revert / callee (stake owner): frozenV2, resource 0 expected:<6000000> but was:<7000000>
        at org.junit.Assert.fail(Assert.java:89)
        at org.junit.Assert.failNotEquals(Assert.java:835)
        at org.junit.Assert.assertEquals(Assert.java:647)
        at org.tron.common.runtime.vm.NestedStakeV2RevertTest.assertAccountEqual(NestedStakeV2RevertTest.java:338)
        at org.tron.common.runtime.vm.NestedStakeV2RevertTest.assertNothingChanged(NestedStakeV2RevertTest.java:314)
        at org.tron.common.runtime.vm.NestedStakeV2RevertTest.run(NestedStakeV2RevertTest.java:271)
        at org.tron.common.runtime.vm.NestedStakeV2RevertTest.partialBandwidthUnDelegateInnerRevertDiscardsCalleeChanges(NestedStakeV2RevertTest.java:170)

org.tron.common.runtime.vm.NestedStakeV2RevertTest > fullEnergyUnDelegateInnerRevertDiscardsCalleeChanges FAILED
    java.lang.AssertionError: undelegate full energy / inner reverts after revert / callee (stake owner): frozenV2, resource 1 expected:<6000000> but was:<10000000>
        at org.junit.Assert.fail(Assert.java:89)
        at org.junit.Assert.failNotEquals(Assert.java:835)
        at org.junit.Assert.assertEquals(Assert.java:647)
        at org.tron.common.runtime.vm.NestedStakeV2RevertTest.assertAccountEqual(NestedStakeV2RevertTest.java:338)
        at org.tron.common.runtime.vm.NestedStakeV2RevertTest.assertNothingChanged(NestedStakeV2RevertTest.java:314)
        at org.tron.common.runtime.vm.NestedStakeV2RevertTest.run(NestedStakeV2RevertTest.java:271)
        at org.tron.common.runtime.vm.NestedStakeV2RevertTest.fullEnergyUnDelegateInnerRevertDiscardsCalleeChanges(NestedStakeV2RevertTest.java:200)

org.tron.common.runtime.vm.NestedStakeV2RevertTest > fullBandwidthUnDelegateInnerRevertDiscardsCalleeChanges FAILED
    java.lang.AssertionError: undelegate full bandwidth / inner reverts after revert / callee (stake owner): frozenV2, resource 0 expected:<6000000> but was:<10000000>
        at org.junit.Assert.fail(Assert.java:89)
        at org.junit.Assert.failNotEquals(Assert.java:835)
        at org.junit.Assert.assertEquals(Assert.java:647)
        at org.tron.common.runtime.vm.NestedStakeV2RevertTest.assertAccountEqual(NestedStakeV2RevertTest.java:338)
        at org.tron.common.runtime.vm.NestedStakeV2RevertTest.assertNothingChanged(NestedStakeV2RevertTest.java:314)
        at org.tron.common.runtime.vm.NestedStakeV2RevertTest.run(NestedStakeV2RevertTest.java:271)
        at org.tron.common.runtime.vm.NestedStakeV2RevertTest.fullBandwidthUnDelegateInnerRevertDiscardsCalleeChanges(NestedStakeV2RevertTest.java:180)

org.tron.common.runtime.vm.NestedStakeV2RevertTest > delegateEnergyInnerRevertDiscardsCalleeChanges FAILED
    java.lang.AssertionError: delegate energy / inner reverts after revert / callee (stake owner): frozenV2, resource 1 expected:<10000000> but was:<6000000>
        at org.junit.Assert.fail(Assert.java:89)
        at org.junit.Assert.failNotEquals(Assert.java:835)
        at org.junit.Assert.assertEquals(Assert.java:647)
        at org.tron.common.runtime.vm.NestedStakeV2RevertTest.assertAccountEqual(NestedStakeV2RevertTest.java:338)
        at org.tron.common.runtime.vm.NestedStakeV2RevertTest.assertNothingChanged(NestedStakeV2RevertTest.java:314)
        at org.tron.common.runtime.vm.NestedStakeV2RevertTest.run(NestedStakeV2RevertTest.java:271)
        at org.tron.common.runtime.vm.NestedStakeV2RevertTest.delegateEnergyInnerRevertDiscardsCalleeChanges(NestedStakeV2RevertTest.java:158)

org.tron.common.runtime.vm.NestedStakeV2RevertTest > delegateBandwidthInnerRevertDiscardsCalleeChanges FAILED
    java.lang.AssertionError: delegate bandwidth / inner reverts after revert / callee (stake owner): frozenV2, resource 0 expected:<10000000> but was:<6000000>
        at org.junit.Assert.fail(Assert.java:89)
        at org.junit.Assert.failNotEquals(Assert.java:835)
        at org.junit.Assert.assertEquals(Assert.java:647)
        at org.tron.common.runtime.vm.NestedStakeV2RevertTest.assertAccountEqual(NestedStakeV2RevertTest.java:338)
        at org.tron.common.runtime.vm.NestedStakeV2RevertTest.assertNothingChanged(NestedStakeV2RevertTest.java:314)
        at org.tron.common.runtime.vm.NestedStakeV2RevertTest.run(NestedStakeV2RevertTest.java:271)
        at org.tron.common.runtime.vm.NestedStakeV2RevertTest.delegateBandwidthInnerRevertDiscardsCalleeChanges(NestedStakeV2RevertTest.java:148)

org.tron.common.runtime.vm.NestedStakeV2RevertTest > partialEnergyUnDelegateInnerRevertDiscardsCalleeChanges FAILED
    java.lang.AssertionError: undelegate partial energy / inner reverts after revert / callee (stake owner): frozenV2, resource 1 expected:<6000000> but was:<7000000>
        at org.junit.Assert.fail(Assert.java:89)
        at org.junit.Assert.failNotEquals(Assert.java:835)
        at org.junit.Assert.assertEquals(Assert.java:647)
        at org.tron.common.runtime.vm.NestedStakeV2RevertTest.assertAccountEqual(NestedStakeV2RevertTest.java:338)
        at org.tron.common.runtime.vm.NestedStakeV2RevertTest.assertNothingChanged(NestedStakeV2RevertTest.java:314)
        at org.tron.common.runtime.vm.NestedStakeV2RevertTest.run(NestedStakeV2RevertTest.java:271)
        at org.tron.common.runtime.vm.NestedStakeV2RevertTest.partialEnergyUnDelegateInnerRevertDiscardsCalleeChanges(NestedStakeV2RevertTest.java:190)

org.tron.common.runtime.vm.NestedUnfreezeV2RevertTest > legacyEnergyUnfreezeInnerRevertDiscardsCalleeChanges FAILED
    java.lang.AssertionError: unfreeze energy (legacy old tron power + vote) / inner reverts after revert: old tron power expected:<1000000000> but was:<-1>
        at org.junit.Assert.fail(Assert.java:89)
        at org.junit.Assert.failNotEquals(Assert.java:835)
        at org.junit.Assert.assertEquals(Assert.java:647)
        at org.tron.common.runtime.vm.NestedUnfreezeV2RevertTest.assertNothingChanged(NestedUnfreezeV2RevertTest.java:498)
        at org.tron.common.runtime.vm.NestedUnfreezeV2RevertTest.nested(NestedUnfreezeV2RevertTest.java:452)
        at org.tron.common.runtime.vm.NestedUnfreezeV2RevertTest.runLegacy(NestedUnfreezeV2RevertTest.java:367)
        at org.tron.common.runtime.vm.NestedUnfreezeV2RevertTest.legacyEnergyUnfreezeInnerRevertDiscardsCalleeChanges(NestedUnfreezeV2RevertTest.java:201)

org.tron.common.runtime.vm.NestedUnfreezeV2RevertTest > fullTronPowerUnfreezeInnerRevertDiscardsCalleeChanges FAILED
    java.lang.AssertionError: unfreeze tron power full (votes + reward) / inner reverts after revert: allowance expected:<0> but was:<1500000>
        at org.junit.Assert.fail(Assert.java:89)
        at org.junit.Assert.failNotEquals(Assert.java:835)
        at org.junit.Assert.assertEquals(Assert.java:647)
        at org.tron.common.runtime.vm.NestedUnfreezeV2RevertTest.assertNothingChanged(NestedUnfreezeV2RevertTest.java:497)
        at org.tron.common.runtime.vm.NestedUnfreezeV2RevertTest.nested(NestedUnfreezeV2RevertTest.java:452)
        at org.tron.common.runtime.vm.NestedUnfreezeV2RevertTest.runVotes(NestedUnfreezeV2RevertTest.java:315)
        at org.tron.common.runtime.vm.NestedUnfreezeV2RevertTest.fullTronPowerUnfreezeInnerRevertDiscardsCalleeChanges(NestedUnfreezeV2RevertTest.java:189)

org.tron.common.runtime.vm.NestedUnfreezeV2RevertTest > pendingBandwidthUnfreezeInnerRevertDiscardsCalleeChanges FAILED
    java.lang.AssertionError: unfreeze bandwidth (expired + pending) / inner reverts after revert: available balance expected:<99999999980000000> but was:<99999999983000000>
        at org.junit.Assert.fail(Assert.java:89)
        at org.junit.Assert.failNotEquals(Assert.java:835)
        at org.junit.Assert.assertEquals(Assert.java:647)
        at org.tron.common.runtime.vm.NestedUnfreezeV2RevertTest.assertNothingChanged(NestedUnfreezeV2RevertTest.java:496)
        at org.tron.common.runtime.vm.NestedUnfreezeV2RevertTest.nested(NestedUnfreezeV2RevertTest.java:452)
        at org.tron.common.runtime.vm.NestedUnfreezeV2RevertTest.runPending(NestedUnfreezeV2RevertTest.java:251)
        at org.tron.common.runtime.vm.NestedUnfreezeV2RevertTest.pendingBandwidthUnfreezeInnerRevertDiscardsCalleeChanges(NestedUnfreezeV2RevertTest.java:167)

org.tron.common.runtime.vm.NestedUnfreezeV2RevertTest > firstBandwidthUnfreezeInnerRevertDiscardsCalleeChanges FAILED
    unfreeze bandwidth (first un-freeze of the account) / inner reverts after revert: frozenV2 (bandwidth, energy, tron power): arrays first differed at element [0]; expected:<10000000> but was:<9000000>
        at org.junit.internal.ComparisonCriteria.arrayEquals(ComparisonCriteria.java:78)
        at org.junit.internal.ComparisonCriteria.arrayEquals(ComparisonCriteria.java:28)
        at org.junit.Assert.internalArrayEquals(Assert.java:534)
        at org.junit.Assert.assertArrayEquals(Assert.java:443)
        at org.tron.common.runtime.vm.NestedUnfreezeV2RevertTest.assertNothingChanged(NestedUnfreezeV2RevertTest.java:499)
        at org.tron.common.runtime.vm.NestedUnfreezeV2RevertTest.nested(NestedUnfreezeV2RevertTest.java:452)
        at org.tron.common.runtime.vm.NestedUnfreezeV2RevertTest.runFirst(NestedUnfreezeV2RevertTest.java:408)
        at org.tron.common.runtime.vm.NestedUnfreezeV2RevertTest.firstBandwidthUnfreezeInnerRevertDiscardsCalleeChanges(NestedUnfreezeV2RevertTest.java:213)

        Caused by:
        java.lang.AssertionError: expected:<10000000> but was:<9000000>
            at org.junit.Assert.fail(Assert.java:89)
            at org.junit.Assert.failNotEquals(Assert.java:835)
            at org.junit.Assert.assertEquals(Assert.java:120)
            at org.junit.Assert.assertEquals(Assert.java:146)
            at org.junit.internal.ExactComparisonCriteria.assertElementsEqual(ExactComparisonCriteria.java:8)
            at org.junit.internal.ComparisonCriteria.arrayEquals(ComparisonCriteria.java:76)
            ... 7 more

org.tron.common.runtime.vm.NestedUnfreezeV2RevertTest > partialTronPowerUnfreezeInnerRevertDiscardsCalleeChanges FAILED
    java.lang.AssertionError: unfreeze tron power half (votes + reward) / inner reverts after revert: allowance expected:<0> but was:<1500000>
        at org.junit.Assert.fail(Assert.java:89)
        at org.junit.Assert.failNotEquals(Assert.java:835)
        at org.junit.Assert.assertEquals(Assert.java:647)
        at org.tron.common.runtime.vm.NestedUnfreezeV2RevertTest.assertNothingChanged(NestedUnfreezeV2RevertTest.java:497)
        at org.tron.common.runtime.vm.NestedUnfreezeV2RevertTest.nested(NestedUnfreezeV2RevertTest.java:452)
        at org.tron.common.runtime.vm.NestedUnfreezeV2RevertTest.runVotes(NestedUnfreezeV2RevertTest.java:315)
        at org.tron.common.runtime.vm.NestedUnfreezeV2RevertTest.partialTronPowerUnfreezeInnerRevertDiscardsCalleeChanges(NestedUnfreezeV2RevertTest.java:179)

org.tron.common.runtime.vm.WithdrawAndCancelUnfreezeV2RevertTest > withdrawByCalleeIsDiscardedWhenInnerReverts FAILED
    java.lang.AssertionError: withdraw / INNER_REVERTS after revert: available balance expected:<99999999970000000> but was:<99999999975000000>
        at org.junit.Assert.fail(Assert.java:89)
        at org.junit.Assert.failNotEquals(Assert.java:835)
        at org.junit.Assert.assertEquals(Assert.java:647)
        at org.tron.common.runtime.vm.WithdrawAndCancelUnfreezeV2RevertTest.assertNothingChanged(WithdrawAndCancelUnfreezeV2RevertTest.java:305)
        at org.tron.common.runtime.vm.WithdrawAndCancelUnfreezeV2RevertTest.run(WithdrawAndCancelUnfreezeV2RevertTest.java:257)
        at org.tron.common.runtime.vm.WithdrawAndCancelUnfreezeV2RevertTest.withdrawByCalleeIsDiscardedWhenInnerReverts(WithdrawAndCancelUnfreezeV2RevertTest.java:166)

org.tron.common.runtime.vm.WithdrawAndCancelUnfreezeV2RevertTest > cancelByCalleeIsDiscardedWhenInnerReverts FAILED
    java.lang.AssertionError: cancel-all / INNER_REVERTS after revert: available balance expected:<99999999970000000> but was:<99999999975000000>
        at org.junit.Assert.fail(Assert.java:89)
        at org.junit.Assert.failNotEquals(Assert.java:835)
        at org.junit.Assert.assertEquals(Assert.java:647)
        at org.tron.common.runtime.vm.WithdrawAndCancelUnfreezeV2RevertTest.assertNothingChanged(WithdrawAndCancelUnfreezeV2RevertTest.java:305)
        at org.tron.common.runtime.vm.WithdrawAndCancelUnfreezeV2RevertTest.run(WithdrawAndCancelUnfreezeV2RevertTest.java:257)
        at org.tron.common.runtime.vm.WithdrawAndCancelUnfreezeV2RevertTest.cancelByCalleeIsDiscardedWhenInnerReverts(WithdrawAndCancelUnfreezeV2RevertTest.java:181)

org.tron.common.runtime.vm.NestedFreezeV2RevertTest > bandwidthFreezeInnerRevertDiscardsCalleeChanges FAILED
    java.lang.AssertionError: freeze bandwidth / inner reverts after revert: available balance expected:<100000000000000000> but was:<99999999995000000>
        at org.junit.Assert.fail(Assert.java:89)
        at org.junit.Assert.failNotEquals(Assert.java:835)
        at org.junit.Assert.assertEquals(Assert.java:647)
        at org.tron.common.runtime.vm.NestedFreezeV2RevertTest.assertNothingChanged(NestedFreezeV2RevertTest.java:235)
        at org.tron.common.runtime.vm.NestedFreezeV2RevertTest.run(NestedFreezeV2RevertTest.java:183)
        at org.tron.common.runtime.vm.NestedFreezeV2RevertTest.bandwidthFreezeInnerRevertDiscardsCalleeChanges(NestedFreezeV2RevertTest.java:124)

org.tron.common.runtime.vm.NestedFreezeV2RevertTest > tronPowerFreezeInnerRevertDiscardsCalleeChanges FAILED
    java.lang.AssertionError: freeze tron power / inner reverts after revert: available balance expected:<100000000000000000> but was:<99999999995000000>
        at org.junit.Assert.fail(Assert.java:89)
        at org.junit.Assert.failNotEquals(Assert.java:835)
        at org.junit.Assert.assertEquals(Assert.java:647)
        at org.tron.common.runtime.vm.NestedFreezeV2RevertTest.assertNothingChanged(NestedFreezeV2RevertTest.java:235)
        at org.tron.common.runtime.vm.NestedFreezeV2RevertTest.run(NestedFreezeV2RevertTest.java:183)
        at org.tron.common.runtime.vm.NestedFreezeV2RevertTest.tronPowerFreezeInnerRevertDiscardsCalleeChanges(NestedFreezeV2RevertTest.java:144)

org.tron.common.runtime.vm.NestedFreezeV2RevertTest > energyFreezeInnerRevertDiscardsCalleeChanges FAILED
    java.lang.AssertionError: freeze energy / inner reverts after revert: available balance expected:<100000000000000000> but was:<99999999995000000>
        at org.junit.Assert.fail(Assert.java:89)
        at org.junit.Assert.failNotEquals(Assert.java:835)
        at org.junit.Assert.assertEquals(Assert.java:647)
        at org.tron.common.runtime.vm.NestedFreezeV2RevertTest.assertNothingChanged(NestedFreezeV2RevertTest.java:235)
        at org.tron.common.runtime.vm.NestedFreezeV2RevertTest.run(NestedFreezeV2RevertTest.java:183)
        at org.tron.common.runtime.vm.NestedFreezeV2RevertTest.energyFreezeInnerRevertDiscardsCalleeChanges(NestedFreezeV2RevertTest.java:134)

org.tron.common.runtime.vm.NestedStakeV2RevertTest > partialBandwidthUnDelegateInnerRevertDiscardsCalleeChanges FAILED
    java.lang.AssertionError: undelegate partial bandwidth / inner reverts after revert / callee (stake owner): frozenV2, resource 0 expected:<6000000> but was:<7000000>
        at org.junit.Assert.fail(Assert.java:89)
        at org.junit.Assert.failNotEquals(Assert.java:835)
        at org.junit.Assert.assertEquals(Assert.java:647)
        at org.tron.common.runtime.vm.NestedStakeV2RevertTest.assertAccountEqual(NestedStakeV2RevertTest.java:338)
        at org.tron.common.runtime.vm.NestedStakeV2RevertTest.assertNothingChanged(NestedStakeV2RevertTest.java:314)
        at org.tron.common.runtime.vm.NestedStakeV2RevertTest.run(NestedStakeV2RevertTest.java:271)
        at org.tron.common.runtime.vm.NestedStakeV2RevertTest.partialBandwidthUnDelegateInnerRevertDiscardsCalleeChanges(NestedStakeV2RevertTest.java:170)

org.tron.common.runtime.vm.NestedStakeV2RevertTest > fullEnergyUnDelegateInnerRevertDiscardsCalleeChanges FAILED
    java.lang.AssertionError: undelegate full energy / inner reverts after revert / callee (stake owner): frozenV2, resource 1 expected:<6000000> but was:<10000000>
        at org.junit.Assert.fail(Assert.java:89)
        at org.junit.Assert.failNotEquals(Assert.java:835)
        at org.junit.Assert.assertEquals(Assert.java:647)
        at org.tron.common.runtime.vm.NestedStakeV2RevertTest.assertAccountEqual(NestedStakeV2RevertTest.java:338)
        at org.tron.common.runtime.vm.NestedStakeV2RevertTest.assertNothingChanged(NestedStakeV2RevertTest.java:314)
        at org.tron.common.runtime.vm.NestedStakeV2RevertTest.run(NestedStakeV2RevertTest.java:271)
        at org.tron.common.runtime.vm.NestedStakeV2RevertTest.fullEnergyUnDelegateInnerRevertDiscardsCalleeChanges(NestedStakeV2RevertTest.java:200)

org.tron.common.runtime.vm.NestedStakeV2RevertTest > fullBandwidthUnDelegateInnerRevertDiscardsCalleeChanges FAILED
    java.lang.AssertionError: undelegate full bandwidth / inner reverts after revert / callee (stake owner): frozenV2, resource 0 expected:<6000000> but was:<10000000>
        at org.junit.Assert.fail(Assert.java:89)
        at org.junit.Assert.failNotEquals(Assert.java:835)
        at org.junit.Assert.assertEquals(Assert.java:647)
        at org.tron.common.runtime.vm.NestedStakeV2RevertTest.assertAccountEqual(NestedStakeV2RevertTest.java:338)
        at org.tron.common.runtime.vm.NestedStakeV2RevertTest.assertNothingChanged(NestedStakeV2RevertTest.java:314)
        at org.tron.common.runtime.vm.NestedStakeV2RevertTest.run(NestedStakeV2RevertTest.java:271)
        at org.tron.common.runtime.vm.NestedStakeV2RevertTest.fullBandwidthUnDelegateInnerRevertDiscardsCalleeChanges(NestedStakeV2RevertTest.java:180)

org.tron.common.runtime.vm.NestedStakeV2RevertTest > delegateEnergyInnerRevertDiscardsCalleeChanges FAILED
    java.lang.AssertionError: delegate energy / inner reverts after revert / callee (stake owner): frozenV2, resource 1 expected:<10000000> but was:<6000000>
        at org.junit.Assert.fail(Assert.java:89)
        at org.junit.Assert.failNotEquals(Assert.java:835)
        at org.junit.Assert.assertEquals(Assert.java:647)
        at org.tron.common.runtime.vm.NestedStakeV2RevertTest.assertAccountEqual(NestedStakeV2RevertTest.java:338)
        at org.tron.common.runtime.vm.NestedStakeV2RevertTest.assertNothingChanged(NestedStakeV2RevertTest.java:314)
        at org.tron.common.runtime.vm.NestedStakeV2RevertTest.run(NestedStakeV2RevertTest.java:271)
        at org.tron.common.runtime.vm.NestedStakeV2RevertTest.delegateEnergyInnerRevertDiscardsCalleeChanges(NestedStakeV2RevertTest.java:158)

org.tron.common.runtime.vm.NestedStakeV2RevertTest > delegateBandwidthInnerRevertDiscardsCalleeChanges FAILED
    java.lang.AssertionError: delegate bandwidth / inner reverts after revert / callee (stake owner): frozenV2, resource 0 expected:<10000000> but was:<6000000>
        at org.junit.Assert.fail(Assert.java:89)
        at org.junit.Assert.failNotEquals(Assert.java:835)
        at org.junit.Assert.assertEquals(Assert.java:647)
        at org.tron.common.runtime.vm.NestedStakeV2RevertTest.assertAccountEqual(NestedStakeV2RevertTest.java:338)
        at org.tron.common.runtime.vm.NestedStakeV2RevertTest.assertNothingChanged(NestedStakeV2RevertTest.java:314)
        at org.tron.common.runtime.vm.NestedStakeV2RevertTest.run(NestedStakeV2RevertTest.java:271)
        at org.tron.common.runtime.vm.NestedStakeV2RevertTest.delegateBandwidthInnerRevertDiscardsCalleeChanges(NestedStakeV2RevertTest.java:148)

org.tron.common.runtime.vm.NestedStakeV2RevertTest > partialEnergyUnDelegateInnerRevertDiscardsCalleeChanges FAILED
    java.lang.AssertionError: undelegate partial energy / inner reverts after revert / callee (stake owner): frozenV2, resource 1 expected:<6000000> but was:<7000000>
        at org.junit.Assert.fail(Assert.java:89)
        at org.junit.Assert.failNotEquals(Assert.java:835)
        at org.junit.Assert.assertEquals(Assert.java:647)
        at org.tron.common.runtime.vm.NestedStakeV2RevertTest.assertAccountEqual(NestedStakeV2RevertTest.java:338)
        at org.tron.common.runtime.vm.NestedStakeV2RevertTest.assertNothingChanged(NestedStakeV2RevertTest.java:314)
        at org.tron.common.runtime.vm.NestedStakeV2RevertTest.run(NestedStakeV2RevertTest.java:271)
        at org.tron.common.runtime.vm.NestedStakeV2RevertTest.partialEnergyUnDelegateInnerRevertDiscardsCalleeChanges(NestedStakeV2RevertTest.java:190)

org.tron.common.runtime.vm.NestedUnfreezeV2RevertTest > legacyEnergyUnfreezeInnerRevertDiscardsCalleeChanges FAILED
    java.lang.AssertionError: unfreeze energy (legacy old tron power + vote) / inner reverts after revert: old tron power expected:<1000000000> but was:<-1>
        at org.junit.Assert.fail(Assert.java:89)
        at org.junit.Assert.failNotEquals(Assert.java:835)
        at org.junit.Assert.assertEquals(Assert.java:647)
        at org.tron.common.runtime.vm.NestedUnfreezeV2RevertTest.assertNothingChanged(NestedUnfreezeV2RevertTest.java:498)
        at org.tron.common.runtime.vm.NestedUnfreezeV2RevertTest.nested(NestedUnfreezeV2RevertTest.java:452)
        at org.tron.common.runtime.vm.NestedUnfreezeV2RevertTest.runLegacy(NestedUnfreezeV2RevertTest.java:367)
        at org.tron.common.runtime.vm.NestedUnfreezeV2RevertTest.legacyEnergyUnfreezeInnerRevertDiscardsCalleeChanges(NestedUnfreezeV2RevertTest.java:201)

org.tron.common.runtime.vm.NestedUnfreezeV2RevertTest > fullTronPowerUnfreezeInnerRevertDiscardsCalleeChanges FAILED
    java.lang.AssertionError: unfreeze tron power full (votes + reward) / inner reverts after revert: allowance expected:<0> but was:<1500000>
        at org.junit.Assert.fail(Assert.java:89)
        at org.junit.Assert.failNotEquals(Assert.java:835)
        at org.junit.Assert.assertEquals(Assert.java:647)
        at org.tron.common.runtime.vm.NestedUnfreezeV2RevertTest.assertNothingChanged(NestedUnfreezeV2RevertTest.java:497)
        at org.tron.common.runtime.vm.NestedUnfreezeV2RevertTest.nested(NestedUnfreezeV2RevertTest.java:452)
        at org.tron.common.runtime.vm.NestedUnfreezeV2RevertTest.runVotes(NestedUnfreezeV2RevertTest.java:315)
        at org.tron.common.runtime.vm.NestedUnfreezeV2RevertTest.fullTronPowerUnfreezeInnerRevertDiscardsCalleeChanges(NestedUnfreezeV2RevertTest.java:189)

org.tron.common.runtime.vm.NestedUnfreezeV2RevertTest > pendingBandwidthUnfreezeInnerRevertDiscardsCalleeChanges FAILED
    java.lang.AssertionError: unfreeze bandwidth (expired + pending) / inner reverts after revert: available balance expected:<99999999980000000> but was:<99999999983000000>
        at org.junit.Assert.fail(Assert.java:89)
        at org.junit.Assert.failNotEquals(Assert.java:835)
        at org.junit.Assert.assertEquals(Assert.java:647)
        at org.tron.common.runtime.vm.NestedUnfreezeV2RevertTest.assertNothingChanged(NestedUnfreezeV2RevertTest.java:496)
        at org.tron.common.runtime.vm.NestedUnfreezeV2RevertTest.nested(NestedUnfreezeV2RevertTest.java:452)
        at org.tron.common.runtime.vm.NestedUnfreezeV2RevertTest.runPending(NestedUnfreezeV2RevertTest.java:251)
        at org.tron.common.runtime.vm.NestedUnfreezeV2RevertTest.pendingBandwidthUnfreezeInnerRevertDiscardsCalleeChanges(NestedUnfreezeV2RevertTest.java:167)

org.tron.common.runtime.vm.NestedUnfreezeV2RevertTest > firstBandwidthUnfreezeInnerRevertDiscardsCalleeChanges FAILED
    unfreeze bandwidth (first un-freeze of the account) / inner reverts after revert: frozenV2 (bandwidth, energy, tron power): arrays first differed at element [0]; expected:<10000000> but was:<9000000>
        at org.junit.internal.ComparisonCriteria.arrayEquals(ComparisonCriteria.java:78)
        at org.junit.internal.ComparisonCriteria.arrayEquals(ComparisonCriteria.java:28)
        at org.junit.Assert.internalArrayEquals(Assert.java:534)
        at org.junit.Assert.assertArrayEquals(Assert.java:443)
        at org.tron.common.runtime.vm.NestedUnfreezeV2RevertTest.assertNothingChanged(NestedUnfreezeV2RevertTest.java:499)
        at org.tron.common.runtime.vm.NestedUnfreezeV2RevertTest.nested(NestedUnfreezeV2RevertTest.java:452)
        at org.tron.common.runtime.vm.NestedUnfreezeV2RevertTest.runFirst(NestedUnfreezeV2RevertTest.java:408)
        at org.tron.common.runtime.vm.NestedUnfreezeV2RevertTest.firstBandwidthUnfreezeInnerRevertDiscardsCalleeChanges(NestedUnfreezeV2RevertTest.java:213)

        Caused by:
        java.lang.AssertionError: expected:<10000000> but was:<9000000>
            at org.junit.Assert.fail(Assert.java:89)
            at org.junit.Assert.failNotEquals(Assert.java:835)
            at org.junit.Assert.assertEquals(Assert.java:120)
            at org.junit.Assert.assertEquals(Assert.java:146)
            at org.junit.internal.ExactComparisonCriteria.assertElementsEqual(ExactComparisonCriteria.java:8)
            at org.junit.internal.ComparisonCriteria.arrayEquals(ComparisonCriteria.java:76)
            ... 7 more

org.tron.common.runtime.vm.NestedUnfreezeV2RevertTest > partialTronPowerUnfreezeInnerRevertDiscardsCalleeChanges FAILED
    java.lang.AssertionError: unfreeze tron power half (votes + reward) / inner reverts after revert: allowance expected:<0> but was:<1500000>
        at org.junit.Assert.fail(Assert.java:89)
        at org.junit.Assert.failNotEquals(Assert.java:835)
        at org.junit.Assert.assertEquals(Assert.java:647)
        at org.tron.common.runtime.vm.NestedUnfreezeV2RevertTest.assertNothingChanged(NestedUnfreezeV2RevertTest.java:497)
        at org.tron.common.runtime.vm.NestedUnfreezeV2RevertTest.nested(NestedUnfreezeV2RevertTest.java:452)
        at org.tron.common.runtime.vm.NestedUnfreezeV2RevertTest.runVotes(NestedUnfreezeV2RevertTest.java:315)
        at org.tron.common.runtime.vm.NestedUnfreezeV2RevertTest.partialTronPowerUnfreezeInnerRevertDiscardsCalleeChanges(NestedUnfreezeV2RevertTest.java:179)

org.tron.common.runtime.vm.WithdrawAndCancelUnfreezeV2RevertTest > withdrawByCalleeIsDiscardedWhenInnerReverts FAILED
    java.lang.AssertionError: withdraw / INNER_REVERTS after revert: available balance expected:<99999999970000000> but was:<99999999975000000>
        at org.junit.Assert.fail(Assert.java:89)
        at org.junit.Assert.failNotEquals(Assert.java:835)
        at org.junit.Assert.assertEquals(Assert.java:647)
        at org.tron.common.runtime.vm.WithdrawAndCancelUnfreezeV2RevertTest.assertNothingChanged(WithdrawAndCancelUnfreezeV2RevertTest.java:305)
        at org.tron.common.runtime.vm.WithdrawAndCancelUnfreezeV2RevertTest.run(WithdrawAndCancelUnfreezeV2RevertTest.java:257)
        at org.tron.common.runtime.vm.WithdrawAndCancelUnfreezeV2RevertTest.withdrawByCalleeIsDiscardedWhenInnerReverts(WithdrawAndCancelUnfreezeV2RevertTest.java:166)

org.tron.common.runtime.vm.WithdrawAndCancelUnfreezeV2RevertTest > cancelByCalleeIsDiscardedWhenInnerReverts FAILED
    java.lang.AssertionError: cancel-all / INNER_REVERTS after revert: available balance expected:<99999999970000000> but was:<99999999975000000>
        at org.junit.Assert.fail(Assert.java:89)
        at org.junit.Assert.failNotEquals(Assert.java:835)
        at org.junit.Assert.assertEquals(Assert.java:647)
        at org.tron.common.runtime.vm.WithdrawAndCancelUnfreezeV2RevertTest.assertNothingChanged(WithdrawAndCancelUnfreezeV2RevertTest.java:305)
        at org.tron.common.runtime.vm.WithdrawAndCancelUnfreezeV2RevertTest.run(WithdrawAndCancelUnfreezeV2RevertTest.java:257)
        at org.tron.common.runtime.vm.WithdrawAndCancelUnfreezeV2RevertTest.cancelByCalleeIsDiscardedWhenInnerReverts(WithdrawAndCancelUnfreezeV2RevertTest.java:181)

org.tron.common.runtime.vm.NestedFreezeV2RevertTest > bandwidthFreezeInnerRevertDiscardsCalleeChanges FAILED
    java.lang.AssertionError: freeze bandwidth / inner reverts after revert: available balance expected:<100000000000000000> but was:<99999999995000000>
        at org.junit.Assert.fail(Assert.java:89)
        at org.junit.Assert.failNotEquals(Assert.java:835)
        at org.junit.Assert.assertEquals(Assert.java:647)
        at org.tron.common.runtime.vm.NestedFreezeV2RevertTest.assertNothingChanged(NestedFreezeV2RevertTest.java:235)
        at org.tron.common.runtime.vm.NestedFreezeV2RevertTest.run(NestedFreezeV2RevertTest.java:183)
        at org.tron.common.runtime.vm.NestedFreezeV2RevertTest.bandwidthFreezeInnerRevertDiscardsCalleeChanges(NestedFreezeV2RevertTest.java:124)

org.tron.common.runtime.vm.NestedFreezeV2RevertTest > tronPowerFreezeInnerRevertDiscardsCalleeChanges FAILED
    java.lang.AssertionError: freeze tron power / inner reverts after revert: available balance expected:<100000000000000000> but was:<99999999995000000>
        at org.junit.Assert.fail(Assert.java:89)
        at org.junit.Assert.failNotEquals(Assert.java:835)
        at org.junit.Assert.assertEquals(Assert.java:647)
        at org.tron.common.runtime.vm.NestedFreezeV2RevertTest.assertNothingChanged(NestedFreezeV2RevertTest.java:235)
        at org.tron.common.runtime.vm.NestedFreezeV2RevertTest.run(NestedFreezeV2RevertTest.java:183)
        at org.tron.common.runtime.vm.NestedFreezeV2RevertTest.tronPowerFreezeInnerRevertDiscardsCalleeChanges(NestedFreezeV2RevertTest.java:144)

org.tron.common.runtime.vm.NestedFreezeV2RevertTest > energyFreezeInnerRevertDiscardsCalleeChanges FAILED
    java.lang.AssertionError: freeze energy / inner reverts after revert: available balance expected:<100000000000000000> but was:<99999999995000000>
        at org.junit.Assert.fail(Assert.java:89)
        at org.junit.Assert.failNotEquals(Assert.java:835)
        at org.junit.Assert.assertEquals(Assert.java:647)
        at org.tron.common.runtime.vm.NestedFreezeV2RevertTest.assertNothingChanged(NestedFreezeV2RevertTest.java:235)
        at org.tron.common.runtime.vm.NestedFreezeV2RevertTest.run(NestedFreezeV2RevertTest.java:183)
        at org.tron.common.runtime.vm.NestedFreezeV2RevertTest.energyFreezeInnerRevertDiscardsCalleeChanges(NestedFreezeV2RevertTest.java:134)

org.tron.common.runtime.vm.NestedStakeV2RevertTest > partialBandwidthUnDelegateInnerRevertDiscardsCalleeChanges FAILED
    java.lang.AssertionError: undelegate partial bandwidth / inner reverts after revert / callee (stake owner): frozenV2, resource 0 expected:<6000000> but was:<7000000>
        at org.junit.Assert.fail(Assert.java:89)
        at org.junit.Assert.failNotEquals(Assert.java:835)
        at org.junit.Assert.assertEquals(Assert.java:647)
        at org.tron.common.runtime.vm.NestedStakeV2RevertTest.assertAccountEqual(NestedStakeV2RevertTest.java:338)
        at org.tron.common.runtime.vm.NestedStakeV2RevertTest.assertNothingChanged(NestedStakeV2RevertTest.java:314)
        at org.tron.common.runtime.vm.NestedStakeV2RevertTest.run(NestedStakeV2RevertTest.java:271)
        at org.tron.common.runtime.vm.NestedStakeV2RevertTest.partialBandwidthUnDelegateInnerRevertDiscardsCalleeChanges(NestedStakeV2RevertTest.java:170)

org.tron.common.runtime.vm.NestedStakeV2RevertTest > fullEnergyUnDelegateInnerRevertDiscardsCalleeChanges FAILED
    java.lang.AssertionError: undelegate full energy / inner reverts after revert / callee (stake owner): frozenV2, resource 1 expected:<6000000> but was:<10000000>
        at org.junit.Assert.fail(Assert.java:89)
        at org.junit.Assert.failNotEquals(Assert.java:835)
        at org.junit.Assert.assertEquals(Assert.java:647)
        at org.tron.common.runtime.vm.NestedStakeV2RevertTest.assertAccountEqual(NestedStakeV2RevertTest.java:338)
        at org.tron.common.runtime.vm.NestedStakeV2RevertTest.assertNothingChanged(NestedStakeV2RevertTest.java:314)
        at org.tron.common.runtime.vm.NestedStakeV2RevertTest.run(NestedStakeV2RevertTest.java:271)
        at org.tron.common.runtime.vm.NestedStakeV2RevertTest.fullEnergyUnDelegateInnerRevertDiscardsCalleeChanges(NestedStakeV2RevertTest.java:200)

org.tron.common.runtime.vm.NestedStakeV2RevertTest > fullBandwidthUnDelegateInnerRevertDiscardsCalleeChanges FAILED
    java.lang.AssertionError: undelegate full bandwidth / inner reverts after revert / callee (stake owner): frozenV2, resource 0 expected:<6000000> but was:<10000000>
        at org.junit.Assert.fail(Assert.java:89)
        at org.junit.Assert.failNotEquals(Assert.java:835)
        at org.junit.Assert.assertEquals(Assert.java:647)
        at org.tron.common.runtime.vm.NestedStakeV2RevertTest.assertAccountEqual(NestedStakeV2RevertTest.java:338)
        at org.tron.common.runtime.vm.NestedStakeV2RevertTest.assertNothingChanged(NestedStakeV2RevertTest.java:314)
        at org.tron.common.runtime.vm.NestedStakeV2RevertTest.run(NestedStakeV2RevertTest.java:271)
        at org.tron.common.runtime.vm.NestedStakeV2RevertTest.fullBandwidthUnDelegateInnerRevertDiscardsCalleeChanges(NestedStakeV2RevertTest.java:180)

org.tron.common.runtime.vm.NestedStakeV2RevertTest > delegateEnergyInnerRevertDiscardsCalleeChanges FAILED
    java.lang.AssertionError: delegate energy / inner reverts after revert / callee (stake owner): frozenV2, resource 1 expected:<10000000> but was:<6000000>
        at org.junit.Assert.fail(Assert.java:89)
        at org.junit.Assert.failNotEquals(Assert.java:835)
        at org.junit.Assert.assertEquals(Assert.java:647)
        at org.tron.common.runtime.vm.NestedStakeV2RevertTest.assertAccountEqual(NestedStakeV2RevertTest.java:338)
        at org.tron.common.runtime.vm.NestedStakeV2RevertTest.assertNothingChanged(NestedStakeV2RevertTest.java:314)
        at org.tron.common.runtime.vm.NestedStakeV2RevertTest.run(NestedStakeV2RevertTest.java:271)
        at org.tron.common.runtime.vm.NestedStakeV2RevertTest.delegateEnergyInnerRevertDiscardsCalleeChanges(NestedStakeV2RevertTest.java:158)

org.tron.common.runtime.vm.NestedStakeV2RevertTest > delegateBandwidthInnerRevertDiscardsCalleeChanges FAILED
    java.lang.AssertionError: delegate bandwidth / inner reverts after revert / callee (stake owner): frozenV2, resource 0 expected:<10000000> but was:<6000000>
        at org.junit.Assert.fail(Assert.java:89)
        at org.junit.Assert.failNotEquals(Assert.java:835)
        at org.junit.Assert.assertEquals(Assert.java:647)
        at org.tron.common.runtime.vm.NestedStakeV2RevertTest.assertAccountEqual(NestedStakeV2RevertTest.java:338)
        at org.tron.common.runtime.vm.NestedStakeV2RevertTest.assertNothingChanged(NestedStakeV2RevertTest.java:314)
        at org.tron.common.runtime.vm.NestedStakeV2RevertTest.run(NestedStakeV2RevertTest.java:271)
        at org.tron.common.runtime.vm.NestedStakeV2RevertTest.delegateBandwidthInnerRevertDiscardsCalleeChanges(NestedStakeV2RevertTest.java:148)

org.tron.common.runtime.vm.NestedStakeV2RevertTest > partialEnergyUnDelegateInnerRevertDiscardsCalleeChanges FAILED
    java.lang.AssertionError: undelegate partial energy / inner reverts after revert / callee (stake owner): frozenV2, resource 1 expected:<6000000> but was:<7000000>
        at org.junit.Assert.fail(Assert.java:89)
        at org.junit.Assert.failNotEquals(Assert.java:835)
        at org.junit.Assert.assertEquals(Assert.java:647)
        at org.tron.common.runtime.vm.NestedStakeV2RevertTest.assertAccountEqual(NestedStakeV2RevertTest.java:338)
        at org.tron.common.runtime.vm.NestedStakeV2RevertTest.assertNothingChanged(NestedStakeV2RevertTest.java:314)
        at org.tron.common.runtime.vm.NestedStakeV2RevertTest.run(NestedStakeV2RevertTest.java:271)
        at org.tron.common.runtime.vm.NestedStakeV2RevertTest.partialEnergyUnDelegateInnerRevertDiscardsCalleeChanges(NestedStakeV2RevertTest.java:190)

org.tron.common.runtime.vm.NestedUnfreezeV2RevertTest > legacyEnergyUnfreezeInnerRevertDiscardsCalleeChanges FAILED
    java.lang.AssertionError: unfreeze energy (legacy old tron power + vote) / inner reverts after revert: old tron power expected:<1000000000> but was:<-1>
        at org.junit.Assert.fail(Assert.java:89)
        at org.junit.Assert.failNotEquals(Assert.java:835)
        at org.junit.Assert.assertEquals(Assert.java:647)
        at org.tron.common.runtime.vm.NestedUnfreezeV2RevertTest.assertNothingChanged(NestedUnfreezeV2RevertTest.java:498)
        at org.tron.common.runtime.vm.NestedUnfreezeV2RevertTest.nested(NestedUnfreezeV2RevertTest.java:452)
        at org.tron.common.runtime.vm.NestedUnfreezeV2RevertTest.runLegacy(NestedUnfreezeV2RevertTest.java:367)
        at org.tron.common.runtime.vm.NestedUnfreezeV2RevertTest.legacyEnergyUnfreezeInnerRevertDiscardsCalleeChanges(NestedUnfreezeV2RevertTest.java:201)

org.tron.common.runtime.vm.NestedUnfreezeV2RevertTest > fullTronPowerUnfreezeInnerRevertDiscardsCalleeChanges FAILED
    java.lang.AssertionError: unfreeze tron power full (votes + reward) / inner reverts after revert: allowance expected:<0> but was:<1500000>
        at org.junit.Assert.fail(Assert.java:89)
        at org.junit.Assert.failNotEquals(Assert.java:835)
        at org.junit.Assert.assertEquals(Assert.java:647)
        at org.tron.common.runtime.vm.NestedUnfreezeV2RevertTest.assertNothingChanged(NestedUnfreezeV2RevertTest.java:497)
        at org.tron.common.runtime.vm.NestedUnfreezeV2RevertTest.nested(NestedUnfreezeV2RevertTest.java:452)
        at org.tron.common.runtime.vm.NestedUnfreezeV2RevertTest.runVotes(NestedUnfreezeV2RevertTest.java:315)
        at org.tron.common.runtime.vm.NestedUnfreezeV2RevertTest.fullTronPowerUnfreezeInnerRevertDiscardsCalleeChanges(NestedUnfreezeV2RevertTest.java:189)

org.tron.common.runtime.vm.NestedUnfreezeV2RevertTest > pendingBandwidthUnfreezeInnerRevertDiscardsCalleeChanges FAILED
    java.lang.AssertionError: unfreeze bandwidth (expired + pending) / inner reverts after revert: available balance expected:<99999999980000000> but was:<99999999983000000>
        at org.junit.Assert.fail(Assert.java:89)
        at org.junit.Assert.failNotEquals(Assert.java:835)
        at org.junit.Assert.assertEquals(Assert.java:647)
        at org.tron.common.runtime.vm.NestedUnfreezeV2RevertTest.assertNothingChanged(NestedUnfreezeV2RevertTest.java:496)
        at org.tron.common.runtime.vm.NestedUnfreezeV2RevertTest.nested(NestedUnfreezeV2RevertTest.java:452)
        at org.tron.common.runtime.vm.NestedUnfreezeV2RevertTest.runPending(NestedUnfreezeV2RevertTest.java:251)
        at org.tron.common.runtime.vm.NestedUnfreezeV2RevertTest.pendingBandwidthUnfreezeInnerRevertDiscardsCalleeChanges(NestedUnfreezeV2RevertTest.java:167)

org.tron.common.runtime.vm.NestedUnfreezeV2RevertTest > firstBandwidthUnfreezeInnerRevertDiscardsCalleeChanges FAILED
    unfreeze bandwidth (first un-freeze of the account) / inner reverts after revert: frozenV2 (bandwidth, energy, tron power): arrays first differed at element [0]; expected:<10000000> but was:<9000000>
        at org.junit.internal.ComparisonCriteria.arrayEquals(ComparisonCriteria.java:78)
        at org.junit.internal.ComparisonCriteria.arrayEquals(ComparisonCriteria.java:28)
        at org.junit.Assert.internalArrayEquals(Assert.java:534)
        at org.junit.Assert.assertArrayEquals(Assert.java:443)
        at org.tron.common.runtime.vm.NestedUnfreezeV2RevertTest.assertNothingChanged(NestedUnfreezeV2RevertTest.java:499)
        at org.tron.common.runtime.vm.NestedUnfreezeV2RevertTest.nested(NestedUnfreezeV2RevertTest.java:452)
        at org.tron.common.runtime.vm.NestedUnfreezeV2RevertTest.runFirst(NestedUnfreezeV2RevertTest.java:408)
        at org.tron.common.runtime.vm.NestedUnfreezeV2RevertTest.firstBandwidthUnfreezeInnerRevertDiscardsCalleeChanges(NestedUnfreezeV2RevertTest.java:213)

        Caused by:
        java.lang.AssertionError: expected:<10000000> but was:<9000000>
            at org.junit.Assert.fail(Assert.java:89)
            at org.junit.Assert.failNotEquals(Assert.java:835)
            at org.junit.Assert.assertEquals(Assert.java:120)
            at org.junit.Assert.assertEquals(Assert.java:146)
            at org.junit.internal.ExactComparisonCriteria.assertElementsEqual(ExactComparisonCriteria.java:8)
            at org.junit.internal.ComparisonCriteria.arrayEquals(ComparisonCriteria.java:76)
            ... 7 more

org.tron.common.runtime.vm.NestedUnfreezeV2RevertTest > partialTronPowerUnfreezeInnerRevertDiscardsCalleeChanges FAILED
    java.lang.AssertionError: unfreeze tron power half (votes + reward) / inner reverts after revert: allowance expected:<0> but was:<1500000>
        at org.junit.Assert.fail(Assert.java:89)
        at org.junit.Assert.failNotEquals(Assert.java:835)
        at org.junit.Assert.assertEquals(Assert.java:647)
        at org.tron.common.runtime.vm.NestedUnfreezeV2RevertTest.assertNothingChanged(NestedUnfreezeV2RevertTest.java:497)
        at org.tron.common.runtime.vm.NestedUnfreezeV2RevertTest.nested(NestedUnfreezeV2RevertTest.java:452)
        at org.tron.common.runtime.vm.NestedUnfreezeV2RevertTest.runVotes(NestedUnfreezeV2RevertTest.java:315)
        at org.tron.common.runtime.vm.NestedUnfreezeV2RevertTest.partialTronPowerUnfreezeInnerRevertDiscardsCalleeChanges(NestedUnfreezeV2RevertTest.java:179)

org.tron.common.runtime.vm.WithdrawAndCancelUnfreezeV2RevertTest > withdrawByCalleeIsDiscardedWhenInnerReverts FAILED
    java.lang.AssertionError: withdraw / INNER_REVERTS after revert: available balance expected:<99999999970000000> but was:<99999999975000000>
        at org.junit.Assert.fail(Assert.java:89)
        at org.junit.Assert.failNotEquals(Assert.java:835)
        at org.junit.Assert.assertEquals(Assert.java:647)
        at org.tron.common.runtime.vm.WithdrawAndCancelUnfreezeV2RevertTest.assertNothingChanged(WithdrawAndCancelUnfreezeV2RevertTest.java:305)
        at org.tron.common.runtime.vm.WithdrawAndCancelUnfreezeV2RevertTest.run(WithdrawAndCancelUnfreezeV2RevertTest.java:257)
        at org.tron.common.runtime.vm.WithdrawAndCancelUnfreezeV2RevertTest.withdrawByCalleeIsDiscardedWhenInnerReverts(WithdrawAndCancelUnfreezeV2RevertTest.java:166)

org.tron.common.runtime.vm.WithdrawAndCancelUnfreezeV2RevertTest > cancelByCalleeIsDiscardedWhenInnerReverts FAILED
    java.lang.AssertionError: cancel-all / INNER_REVERTS after revert: available balance expected:<99999999970000000> but was:<99999999975000000>
        at org.junit.Assert.fail(Assert.java:89)
        at org.junit.Assert.failNotEquals(Assert.java:835)
        at org.junit.Assert.assertEquals(Assert.java:647)
        at org.tron.common.runtime.vm.WithdrawAndCancelUnfreezeV2RevertTest.assertNothingChanged(WithdrawAndCancelUnfreezeV2RevertTest.java:305)
        at org.tron.common.runtime.vm.WithdrawAndCancelUnfreezeV2RevertTest.run(WithdrawAndCancelUnfreezeV2RevertTest.java:257)
        at org.tron.common.runtime.vm.WithdrawAndCancelUnfreezeV2RevertTest.cancelByCalleeIsDiscardedWhenInnerReverts(WithdrawAndCancelUnfreezeV2RevertTest.java:181)

org.tron.common.runtime.vm.NestedFreezeV2RevertTest > bandwidthFreezeInnerRevertDiscardsCalleeChanges FAILED
    java.lang.AssertionError: freeze bandwidth / inner reverts after revert: available balance expected:<100000000000000000> but was:<99999999995000000>
        at org.junit.Assert.fail(Assert.java:89)
        at org.junit.Assert.failNotEquals(Assert.java:835)
        at org.junit.Assert.assertEquals(Assert.java:647)
        at org.tron.common.runtime.vm.NestedFreezeV2RevertTest.assertNothingChanged(NestedFreezeV2RevertTest.java:235)
        at org.tron.common.runtime.vm.NestedFreezeV2RevertTest.run(NestedFreezeV2RevertTest.java:183)
        at org.tron.common.runtime.vm.NestedFreezeV2RevertTest.bandwidthFreezeInnerRevertDiscardsCalleeChanges(NestedFreezeV2RevertTest.java:124)

org.tron.common.runtime.vm.NestedFreezeV2RevertTest > tronPowerFreezeInnerRevertDiscardsCalleeChanges FAILED
    java.lang.AssertionError: freeze tron power / inner reverts after revert: available balance expected:<100000000000000000> but was:<99999999995000000>
        at org.junit.Assert.fail(Assert.java:89)
        at org.junit.Assert.failNotEquals(Assert.java:835)
        at org.junit.Assert.assertEquals(Assert.java:647)
        at org.tron.common.runtime.vm.NestedFreezeV2RevertTest.assertNothingChanged(NestedFreezeV2RevertTest.java:235)
        at org.tron.common.runtime.vm.NestedFreezeV2RevertTest.run(NestedFreezeV2RevertTest.java:183)
        at org.tron.common.runtime.vm.NestedFreezeV2RevertTest.tronPowerFreezeInnerRevertDiscardsCalleeChanges(NestedFreezeV2RevertTest.java:144)

org.tron.common.runtime.vm.NestedFreezeV2RevertTest > energyFreezeInnerRevertDiscardsCalleeChanges FAILED
    java.lang.AssertionError: freeze energy / inner reverts after revert: available balance expected:<100000000000000000> but was:<99999999995000000>
        at org.junit.Assert.fail(Assert.java:89)
        at org.junit.Assert.failNotEquals(Assert.java:835)
        at org.junit.Assert.assertEquals(Assert.java:647)
        at org.tron.common.runtime.vm.NestedFreezeV2RevertTest.assertNothingChanged(NestedFreezeV2RevertTest.java:235)
        at org.tron.common.runtime.vm.NestedFreezeV2RevertTest.run(NestedFreezeV2RevertTest.java:183)
        at org.tron.common.runtime.vm.NestedFreezeV2RevertTest.energyFreezeInnerRevertDiscardsCalleeChanges(NestedFreezeV2RevertTest.java:134)

org.tron.common.runtime.vm.NestedStakeV2RevertTest > partialBandwidthUnDelegateInnerRevertDiscardsCalleeChanges FAILED
    java.lang.AssertionError: undelegate partial bandwidth / inner reverts after revert / callee (stake owner): frozenV2, resource 0 expected:<6000000> but was:<7000000>
        at org.junit.Assert.fail(Assert.java:89)
        at org.junit.Assert.failNotEquals(Assert.java:835)
        at org.junit.Assert.assertEquals(Assert.java:647)
        at org.tron.common.runtime.vm.NestedStakeV2RevertTest.assertAccountEqual(NestedStakeV2RevertTest.java:338)
        at org.tron.common.runtime.vm.NestedStakeV2RevertTest.assertNothingChanged(NestedStakeV2RevertTest.java:314)
        at org.tron.common.runtime.vm.NestedStakeV2RevertTest.run(NestedStakeV2RevertTest.java:271)
        at org.tron.common.runtime.vm.NestedStakeV2RevertTest.partialBandwidthUnDelegateInnerRevertDiscardsCalleeChanges(NestedStakeV2RevertTest.java:170)

org.tron.common.runtime.vm.NestedStakeV2RevertTest > fullEnergyUnDelegateInnerRevertDiscardsCalleeChanges FAILED
    java.lang.AssertionError: undelegate full energy / inner reverts after revert / callee (stake owner): frozenV2, resource 1 expected:<6000000> but was:<10000000>
        at org.junit.Assert.fail(Assert.java:89)
        at org.junit.Assert.failNotEquals(Assert.java:835)
        at org.junit.Assert.assertEquals(Assert.java:647)
        at org.tron.common.runtime.vm.NestedStakeV2RevertTest.assertAccountEqual(NestedStakeV2RevertTest.java:338)
        at org.tron.common.runtime.vm.NestedStakeV2RevertTest.assertNothingChanged(NestedStakeV2RevertTest.java:314)
        at org.tron.common.runtime.vm.NestedStakeV2RevertTest.run(NestedStakeV2RevertTest.java:271)
        at org.tron.common.runtime.vm.NestedStakeV2RevertTest.fullEnergyUnDelegateInnerRevertDiscardsCalleeChanges(NestedStakeV2RevertTest.java:200)

org.tron.common.runtime.vm.NestedStakeV2RevertTest > fullBandwidthUnDelegateInnerRevertDiscardsCalleeChanges FAILED
    java.lang.AssertionError: undelegate full bandwidth / inner reverts after revert / callee (stake owner): frozenV2, resource 0 expected:<6000000> but was:<10000000>
        at org.junit.Assert.fail(Assert.java:89)
        at org.junit.Assert.failNotEquals(Assert.java:835)
        at org.junit.Assert.assertEquals(Assert.java:647)
        at org.tron.common.runtime.vm.NestedStakeV2RevertTest.assertAccountEqual(NestedStakeV2RevertTest.java:338)
        at org.tron.common.runtime.vm.NestedStakeV2RevertTest.assertNothingChanged(NestedStakeV2RevertTest.java:314)
        at org.tron.common.runtime.vm.NestedStakeV2RevertTest.run(NestedStakeV2RevertTest.java:271)
        at org.tron.common.runtime.vm.NestedStakeV2RevertTest.fullBandwidthUnDelegateInnerRevertDiscardsCalleeChanges(NestedStakeV2RevertTest.java:180)

org.tron.common.runtime.vm.NestedStakeV2RevertTest > delegateEnergyInnerRevertDiscardsCalleeChanges FAILED
    java.lang.AssertionError: delegate energy / inner reverts after revert / callee (stake owner): frozenV2, resource 1 expected:<10000000> but was:<6000000>
        at org.junit.Assert.fail(Assert.java:89)
        at org.junit.Assert.failNotEquals(Assert.java:835)
        at org.junit.Assert.assertEquals(Assert.java:647)
        at org.tron.common.runtime.vm.NestedStakeV2RevertTest.assertAccountEqual(NestedStakeV2RevertTest.java:338)
        at org.tron.common.runtime.vm.NestedStakeV2RevertTest.assertNothingChanged(NestedStakeV2RevertTest.java:314)
        at org.tron.common.runtime.vm.NestedStakeV2RevertTest.run(NestedStakeV2RevertTest.java:271)
        at org.tron.common.runtime.vm.NestedStakeV2RevertTest.delegateEnergyInnerRevertDiscardsCalleeChanges(NestedStakeV2RevertTest.java:158)

org.tron.common.runtime.vm.NestedStakeV2RevertTest > delegateBandwidthInnerRevertDiscardsCalleeChanges FAILED
    java.lang.AssertionError: delegate bandwidth / inner reverts after revert / callee (stake owner): frozenV2, resource 0 expected:<10000000> but was:<6000000>
        at org.junit.Assert.fail(Assert.java:89)
        at org.junit.Assert.failNotEquals(Assert.java:835)
        at org.junit.Assert.assertEquals(Assert.java:647)
        at org.tron.common.runtime.vm.NestedStakeV2RevertTest.assertAccountEqual(NestedStakeV2RevertTest.java:338)
        at org.tron.common.runtime.vm.NestedStakeV2RevertTest.assertNothingChanged(NestedStakeV2RevertTest.java:314)
        at org.tron.common.runtime.vm.NestedStakeV2RevertTest.run(NestedStakeV2RevertTest.java:271)
        at org.tron.common.runtime.vm.NestedStakeV2RevertTest.delegateBandwidthInnerRevertDiscardsCalleeChanges(NestedStakeV2RevertTest.java:148)

org.tron.common.runtime.vm.NestedStakeV2RevertTest > partialEnergyUnDelegateInnerRevertDiscardsCalleeChanges FAILED
    java.lang.AssertionError: undelegate partial energy / inner reverts after revert / callee (stake owner): frozenV2, resource 1 expected:<6000000> but was:<7000000>
        at org.junit.Assert.fail(Assert.java:89)
        at org.junit.Assert.failNotEquals(Assert.java:835)
        at org.junit.Assert.assertEquals(Assert.java:647)
        at org.tron.common.runtime.vm.NestedStakeV2RevertTest.assertAccountEqual(NestedStakeV2RevertTest.java:338)
        at org.tron.common.runtime.vm.NestedStakeV2RevertTest.assertNothingChanged(NestedStakeV2RevertTest.java:314)
        at org.tron.common.runtime.vm.NestedStakeV2RevertTest.run(NestedStakeV2RevertTest.java:271)
        at org.tron.common.runtime.vm.NestedStakeV2RevertTest.partialEnergyUnDelegateInnerRevertDiscardsCalleeChanges(NestedStakeV2RevertTest.java:190)

org.tron.common.runtime.vm.NestedUnfreezeV2RevertTest > legacyEnergyUnfreezeInnerRevertDiscardsCalleeChanges FAILED
    java.lang.AssertionError: unfreeze energy (legacy old tron power + vote) / inner reverts after revert: old tron power expected:<1000000000> but was:<-1>
        at org.junit.Assert.fail(Assert.java:89)
        at org.junit.Assert.failNotEquals(Assert.java:835)
        at org.junit.Assert.assertEquals(Assert.java:647)
        at org.tron.common.runtime.vm.NestedUnfreezeV2RevertTest.assertNothingChanged(NestedUnfreezeV2RevertTest.java:498)
        at org.tron.common.runtime.vm.NestedUnfreezeV2RevertTest.nested(NestedUnfreezeV2RevertTest.java:452)
        at org.tron.common.runtime.vm.NestedUnfreezeV2RevertTest.runLegacy(NestedUnfreezeV2RevertTest.java:367)
        at org.tron.common.runtime.vm.NestedUnfreezeV2RevertTest.legacyEnergyUnfreezeInnerRevertDiscardsCalleeChanges(NestedUnfreezeV2RevertTest.java:201)

org.tron.common.runtime.vm.NestedUnfreezeV2RevertTest > fullTronPowerUnfreezeInnerRevertDiscardsCalleeChanges FAILED
    java.lang.AssertionError: unfreeze tron power full (votes + reward) / inner reverts after revert: allowance expected:<0> but was:<1500000>
        at org.junit.Assert.fail(Assert.java:89)
        at org.junit.Assert.failNotEquals(Assert.java:835)
        at org.junit.Assert.assertEquals(Assert.java:647)
        at org.tron.common.runtime.vm.NestedUnfreezeV2RevertTest.assertNothingChanged(NestedUnfreezeV2RevertTest.java:497)
        at org.tron.common.runtime.vm.NestedUnfreezeV2RevertTest.nested(NestedUnfreezeV2RevertTest.java:452)
        at org.tron.common.runtime.vm.NestedUnfreezeV2RevertTest.runVotes(NestedUnfreezeV2RevertTest.java:315)
        at org.tron.common.runtime.vm.NestedUnfreezeV2RevertTest.fullTronPowerUnfreezeInnerRevertDiscardsCalleeChanges(NestedUnfreezeV2RevertTest.java:189)

org.tron.common.runtime.vm.NestedUnfreezeV2RevertTest > pendingBandwidthUnfreezeInnerRevertDiscardsCalleeChanges FAILED
    java.lang.AssertionError: unfreeze bandwidth (expired + pending) / inner reverts after revert: available balance expected:<99999999980000000> but was:<99999999983000000>
        at org.junit.Assert.fail(Assert.java:89)
        at org.junit.Assert.failNotEquals(Assert.java:835)
        at org.junit.Assert.assertEquals(Assert.java:647)
        at org.tron.common.runtime.vm.NestedUnfreezeV2RevertTest.assertNothingChanged(NestedUnfreezeV2RevertTest.java:496)
        at org.tron.common.runtime.vm.NestedUnfreezeV2RevertTest.nested(NestedUnfreezeV2RevertTest.java:452)
        at org.tron.common.runtime.vm.NestedUnfreezeV2RevertTest.runPending(NestedUnfreezeV2RevertTest.java:251)
        at org.tron.common.runtime.vm.NestedUnfreezeV2RevertTest.pendingBandwidthUnfreezeInnerRevertDiscardsCalleeChanges(NestedUnfreezeV2RevertTest.java:167)

org.tron.common.runtime.vm.NestedUnfreezeV2RevertTest > firstBandwidthUnfreezeInnerRevertDiscardsCalleeChanges FAILED
    unfreeze bandwidth (first un-freeze of the account) / inner reverts after revert: frozenV2 (bandwidth, energy, tron power): arrays first differed at element [0]; expected:<10000000> but was:<9000000>
        at org.junit.internal.ComparisonCriteria.arrayEquals(ComparisonCriteria.java:78)
        at org.junit.internal.ComparisonCriteria.arrayEquals(ComparisonCriteria.java:28)
        at org.junit.Assert.internalArrayEquals(Assert.java:534)
        at org.junit.Assert.assertArrayEquals(Assert.java:443)
        at org.tron.common.runtime.vm.NestedUnfreezeV2RevertTest.assertNothingChanged(NestedUnfreezeV2RevertTest.java:499)
        at org.tron.common.runtime.vm.NestedUnfreezeV2RevertTest.nested(NestedUnfreezeV2RevertTest.java:452)
        at org.tron.common.runtime.vm.NestedUnfreezeV2RevertTest.runFirst(NestedUnfreezeV2RevertTest.java:408)
        at org.tron.common.runtime.vm.NestedUnfreezeV2RevertTest.firstBandwidthUnfreezeInnerRevertDiscardsCalleeChanges(NestedUnfreezeV2RevertTest.java:213)

        Caused by:
        java.lang.AssertionError: expected:<10000000> but was:<9000000>
            at org.junit.Assert.fail(Assert.java:89)
            at org.junit.Assert.failNotEquals(Assert.java:835)
            at org.junit.Assert.assertEquals(Assert.java:120)
            at org.junit.Assert.assertEquals(Assert.java:146)
            at org.junit.internal.ExactComparisonCriteria.assertElementsEqual(ExactComparisonCriteria.java:8)
            at org.junit.internal.ComparisonCriteria.arrayEquals(ComparisonCriteria.java:76)
            ... 7 more

org.tron.common.runtime.vm.NestedUnfreezeV2RevertTest > partialTronPowerUnfreezeInnerRevertDiscardsCalleeChanges FAILED
    java.lang.AssertionError: unfreeze tron power half (votes + reward) / inner reverts after revert: allowance expected:<0> but was:<1500000>
        at org.junit.Assert.fail(Assert.java:89)
        at org.junit.Assert.failNotEquals(Assert.java:835)
        at org.junit.Assert.assertEquals(Assert.java:647)
        at org.tron.common.runtime.vm.NestedUnfreezeV2RevertTest.assertNothingChanged(NestedUnfreezeV2RevertTest.java:497)
        at org.tron.common.runtime.vm.NestedUnfreezeV2RevertTest.nested(NestedUnfreezeV2RevertTest.java:452)
        at org.tron.common.runtime.vm.NestedUnfreezeV2RevertTest.runVotes(NestedUnfreezeV2RevertTest.java:315)
        at org.tron.common.runtime.vm.NestedUnfreezeV2RevertTest.partialTronPowerUnfreezeInnerRevertDiscardsCalleeChanges(NestedUnfreezeV2RevertTest.java:179)

org.tron.common.runtime.vm.WithdrawAndCancelUnfreezeV2RevertTest > withdrawByCalleeIsDiscardedWhenInnerReverts FAILED
    java.lang.AssertionError: withdraw / INNER_REVERTS after revert: available balance expected:<99999999970000000> but was:<99999999975000000>
        at org.junit.Assert.fail(Assert.java:89)
        at org.junit.Assert.failNotEquals(Assert.java:835)
        at org.junit.Assert.assertEquals(Assert.java:647)
        at org.tron.common.runtime.vm.WithdrawAndCancelUnfreezeV2RevertTest.assertNothingChanged(WithdrawAndCancelUnfreezeV2RevertTest.java:305)
        at org.tron.common.runtime.vm.WithdrawAndCancelUnfreezeV2RevertTest.run(WithdrawAndCancelUnfreezeV2RevertTest.java:257)
        at org.tron.common.runtime.vm.WithdrawAndCancelUnfreezeV2RevertTest.withdrawByCalleeIsDiscardedWhenInnerReverts(WithdrawAndCancelUnfreezeV2RevertTest.java:166)

org.tron.common.runtime.vm.WithdrawAndCancelUnfreezeV2RevertTest > cancelByCalleeIsDiscardedWhenInnerReverts FAILED
    java.lang.AssertionError: cancel-all / INNER_REVERTS after revert: available balance expected:<99999999970000000> but was:<99999999975000000>
        at org.junit.Assert.fail(Assert.java:89)
        at org.junit.Assert.failNotEquals(Assert.java:835)
        at org.junit.Assert.assertEquals(Assert.java:647)
        at org.tron.common.runtime.vm.WithdrawAndCancelUnfreezeV2RevertTest.assertNothingChanged(WithdrawAndCancelUnfreezeV2RevertTest.java:305)
        at org.tron.common.runtime.vm.WithdrawAndCancelUnfreezeV2RevertTest.run(WithdrawAndCancelUnfreezeV2RevertTest.java:257)
        at org.tron.common.runtime.vm.WithdrawAndCancelUnfreezeV2RevertTest.cancelByCalleeIsDiscardedWhenInnerReverts(WithdrawAndCancelUnfreezeV2RevertTest.java:181)

> Task :framework:test FAILED

Deprecated Gradle features were used in this build, making it incompatible with Gradle 8.0.

You can use '--warning-mode all' to show the individual deprecation warnings and determine if they come from your own scripts or plugins.

See https://docs.gradle.org/7.6.4/userguide/command_line_interface.html#sec:command_line_warnings
25 actionable tasks: 4 executed, 21 up-to-date
Picked up JAVA_TOOL_OPTIONS: -Djavax.net.ssl.trustStore=/etc/ssl/certs/java/cacerts -Djavax.net.ssl.trustStoreType=JKS -Dhttps.proxyHost=127.0.0.1 -Dhttps.proxyPort=37021 -Dhttp.nonProxyHosts=localhost|127.0.0.1|::1|127.*|0.*|::|169.254.*|api.anthropic.com|api-staging.anthropic.com|api-pr-preview.anthropic.com|mcp-proxy.anthropic.com|mcp-proxy-staging.anthropic.com|registry.npmjs.org|jsr.io|npm.jsr.io|pypi.org|files.pythonhosted.org|index.crates.io|proxy.golang.org|host.docker.internal|10.*|172.16.*|172.17.*|172.18.*|172.19.*|172.20.*|172.21.*|172.22.*|172.23.*|172.24.*|172.25.*|172.26.*|172.27.*|172.28.*|172.29.*|172.30.*|172.31.*|192.168.*|100.64.0.0/10|*.svc.cluster.local|*.svc.cluster.local -Djdk.http.auth.tunneling.disabledSchemes= -Djdk.http.auth.proxying.disabledSchemes=
Note: Some input files use or override a deprecated API.
Note: Recompile with -Xlint:deprecation for details.
Note: Some input files use unchecked or unsafe operations.
Note: Recompile with -Xlint:unchecked for details.
Picked up JAVA_TOOL_OPTIONS: -Djavax.net.ssl.trustStore=/etc/ssl/certs/java/cacerts -Djavax.net.ssl.trustStoreType=JKS -Dhttps.proxyHost=127.0.0.1 -Dhttps.proxyPort=37021 -Dhttp.nonProxyHosts=localhost|127.0.0.1|::1|127.*|0.*|::|169.254.*|api.anthropic.com|api-staging.anthropic.com|api-pr-preview.anthropic.com|mcp-proxy.anthropic.com|mcp-proxy-staging.anthropic.com|registry.npmjs.org|jsr.io|npm.jsr.io|pypi.org|files.pythonhosted.org|index.crates.io|proxy.golang.org|host.docker.internal|10.*|172.16.*|172.17.*|172.18.*|172.19.*|172.20.*|172.21.*|172.22.*|172.23.*|172.24.*|172.25.*|172.26.*|172.27.*|172.28.*|172.29.*|172.30.*|172.31.*|192.168.*|100.64.0.0/10|*.svc.cluster.local|*.svc.cluster.local -Djdk.http.auth.tunneling.disabledSchemes= -Djdk.http.auth.proxying.disabledSchemes=
Picked up JAVA_TOOL_OPTIONS: -Djavax.net.ssl.trustStore=/etc/ssl/certs/java/cacerts -Djavax.net.ssl.trustStoreType=JKS -Dhttps.proxyHost=127.0.0.1 -Dhttps.proxyPort=37021 -Dhttp.nonProxyHosts=localhost|127.0.0.1|::1|127.*|0.*|::|169.254.*|api.anthropic.com|api-staging.anthropic.com|api-pr-preview.anthropic.com|mcp-proxy.anthropic.com|mcp-proxy-staging.anthropic.com|registry.npmjs.org|jsr.io|npm.jsr.io|pypi.org|files.pythonhosted.org|index.crates.io|proxy.golang.org|host.docker.internal|10.*|172.16.*|172.17.*|172.18.*|172.19.*|172.20.*|172.21.*|172.22.*|172.23.*|172.24.*|172.25.*|172.26.*|172.27.*|172.28.*|172.29.*|172.30.*|172.31.*|192.168.*|100.64.0.0/10|*.svc.cluster.local|*.svc.cluster.local -Djdk.http.auth.tunneling.disabledSchemes= -Djdk.http.auth.proxying.disabledSchemes=
Picked up JAVA_TOOL_OPTIONS: -Djavax.net.ssl.trustStore=/etc/ssl/certs/java/cacerts -Djavax.net.ssl.trustStoreType=JKS -Dhttps.proxyHost=127.0.0.1 -Dhttps.proxyPort=37021 -Dhttp.nonProxyHosts=localhost|127.0.0.1|::1|127.*|0.*|::|169.254.*|api.anthropic.com|api-staging.anthropic.com|api-pr-preview.anthropic.com|mcp-proxy.anthropic.com|mcp-proxy-staging.anthropic.com|registry.npmjs.org|jsr.io|npm.jsr.io|pypi.org|files.pythonhosted.org|index.crates.io|proxy.golang.org|host.docker.internal|10.*|172.16.*|172.17.*|172.18.*|172.19.*|172.20.*|172.21.*|172.22.*|172.23.*|172.24.*|172.25.*|172.26.*|172.27.*|172.28.*|172.29.*|172.30.*|172.31.*|192.168.*|100.64.0.0/10|*.svc.cluster.local|*.svc.cluster.local -Djdk.http.auth.tunneling.disabledSchemes= -Djdk.http.auth.proxying.disabledSchemes=
Picked up JAVA_TOOL_OPTIONS: -Djavax.net.ssl.trustStore=/etc/ssl/certs/java/cacerts -Djavax.net.ssl.trustStoreType=JKS -Dhttps.proxyHost=127.0.0.1 -Dhttps.proxyPort=37021 -Dhttp.nonProxyHosts=localhost|127.0.0.1|::1|127.*|0.*|::|169.254.*|api.anthropic.com|api-staging.anthropic.com|api-pr-preview.anthropic.com|mcp-proxy.anthropic.com|mcp-proxy-staging.anthropic.com|registry.npmjs.org|jsr.io|npm.jsr.io|pypi.org|files.pythonhosted.org|index.crates.io|proxy.golang.org|host.docker.internal|10.*|172.16.*|172.17.*|172.18.*|172.19.*|172.20.*|172.21.*|172.22.*|172.23.*|172.24.*|172.25.*|172.26.*|172.27.*|172.28.*|172.29.*|172.30.*|172.31.*|192.168.*|100.64.0.0/10|*.svc.cluster.local|*.svc.cluster.local -Djdk.http.auth.tunneling.disabledSchemes= -Djdk.http.auth.proxying.disabledSchemes=
Picked up JAVA_TOOL_OPTIONS: -Djavax.net.ssl.trustStore=/etc/ssl/certs/java/cacerts -Djavax.net.ssl.trustStoreType=JKS -Dhttps.proxyHost=127.0.0.1 -Dhttps.proxyPort=37021 -Dhttp.nonProxyHosts=localhost|127.0.0.1|::1|127.*|0.*|::|169.254.*|api.anthropic.com|api-staging.anthropic.com|api-pr-preview.anthropic.com|mcp-proxy.anthropic.com|mcp-proxy-staging.anthropic.com|registry.npmjs.org|jsr.io|npm.jsr.io|pypi.org|files.pythonhosted.org|index.crates.io|proxy.golang.org|host.docker.internal|10.*|172.16.*|172.17.*|172.18.*|172.19.*|172.20.*|172.21.*|172.22.*|172.23.*|172.24.*|172.25.*|172.26.*|172.27.*|172.28.*|172.29.*|172.30.*|172.31.*|192.168.*|100.64.0.0/10|*.svc.cluster.local|*.svc.cluster.local -Djdk.http.auth.tunneling.disabledSchemes= -Djdk.http.auth.proxying.disabledSchemes=
Picked up JAVA_TOOL_OPTIONS: -Djavax.net.ssl.trustStore=/etc/ssl/certs/java/cacerts -Djavax.net.ssl.trustStoreType=JKS -Dhttps.proxyHost=127.0.0.1 -Dhttps.proxyPort=37021 -Dhttp.nonProxyHosts=localhost|127.0.0.1|::1|127.*|0.*|::|169.254.*|api.anthropic.com|api-staging.anthropic.com|api-pr-preview.anthropic.com|mcp-proxy.anthropic.com|mcp-proxy-staging.anthropic.com|registry.npmjs.org|jsr.io|npm.jsr.io|pypi.org|files.pythonhosted.org|index.crates.io|proxy.golang.org|host.docker.internal|10.*|172.16.*|172.17.*|172.18.*|172.19.*|172.20.*|172.21.*|172.22.*|172.23.*|172.24.*|172.25.*|172.26.*|172.27.*|172.28.*|172.29.*|172.30.*|172.31.*|192.168.*|100.64.0.0/10|*.svc.cluster.local|*.svc.cluster.local -Djdk.http.auth.tunneling.disabledSchemes= -Djdk.http.auth.proxying.disabledSchemes=

128 tests completed, 96 failed

FAILURE: Build failed with an exception.

* What went wrong:
Execution failed for task ':framework:test'.
> There were failing tests. See the report at: file:///home/user/a/java-tron/framework/build/reports/tests/test/index.html

* Try:
> Run with --stacktrace option to get the stack trace.
> Run with --info or --debug option to get more log output.
> Run with --scan to get full insights.

* Get more help at https://help.gradle.org

BUILD FAILED in 4m 29s
